shapeISO,year,active_firms_per_1000
VN-HN,2021,21.42558551637694
VN-HN,2022,22.16864801914541
VN-HN,2023,22.38211098742401
VN-HN,2024,22.57907426743093
VN-03,2021,1.406853450511
VN-03,2022,1.42597423836957
VN-03,2023,1.6
VN-03,2024,1.6
VN-04,2021,2.1799390281013
VN-04,2022,2.25024491208945
VN-04,2023,2.3
VN-04,2024,2.2
VN-53,2021,2.02340452992547
VN-53,2022,2.18280700348078
VN-53,2023,2.3
VN-53,2024,2.3
VN-07,2021,1.98336468463254
VN-07,2022,2.1780084439712
VN-07,2023,2.3
VN-07,2024,2.3
VN-02,2021,4.00582761291
VN-02,2022,4.19159889383316
VN-02,2023,4.6
VN-02,2024,4.7
VN-71,2021,1.72135487906522
VN-71,2022,1.74925826086819
VN-71,2023,1.77968436137187
VN-71,2024,1.76182210640954
VN-01,2021,2.27828522458876
VN-01,2022,2.51402210348146
VN-01,2023,2.55680773051124
VN-01,2024,2.60356872053817
VN-05,2021,1.61836732655665
VN-05,2022,1.63984232285357
VN-05,2023,1.66674407750017
VN-05,2024,1.71053224909438
VN-06,2021,2.23930810482383
VN-06,2022,2.38419819532721
VN-06,2023,2.55981971388463
VN-06,2024,2.65970491747153
VN-14,2021,3.05027866981439
VN-14,2022,3.30371187794087
VN-14,2023,3.37545458468961
VN-14,2024,3.48909225468473
VN-69,2021,3.90507501039187
VN-69,2022,4.06965037833452
VN-69,2023,4.25372775105621
VN-69,2024,4.45576262775167
VN-09,2021,2.78565862631895
VN-09,2022,2.92610554925258
VN-09,2023,3.39148907179973
VN-09,2024,3.43983724655771
VN-13,2021,7.00891719802103
VN-13,2022,7.26992037426736
VN-13,2023,7.44877339235589
VN-13,2024,7.70627263768659
VN-54,2021,3.79525096357123
VN-54,2022,4.17837830691328
VN-54,2023,4.52999365488834
VN-54,2024,4.82167626432704
VN-68,2021,3.70604010999449
VN-68,2022,4.02328137061851
VN-68,2023,4.27802386521971
VN-68,2024,4.43752392512626
VN-70,2021,6.98282159144254
VN-70,2022,7.5984288787057
VN-70,2023,8.07118692759955
VN-70,2024,8.35720523304687
VN-56,2021,9.53145880398785
VN-56,2022,10.00772719637158
VN-56,2023,10.88543145993815
VN-56,2024,11.71607807904884
VN-61,2021,5.22827896890449
VN-61,2022,5.44734490091534
VN-61,2023,5.73563739978987
VN-61,2024,6.04125799826298
VN-HP,2021,9.55709077153028
VN-HP,2022,9.9280563135829
VN-HP,2023,9.99370079039404
VN-HP,2024,10.49742535846733
VN-66,2021,6.48008034448491
VN-66,2022,6.94734950249912
VN-66,2023,7.4972290843911
VN-66,2024,8.23103652337526
VN-20,2021,2.92493233992719
VN-20,2022,3.15830715162536
VN-20,2023,3.43987653632324
VN-20,2024,3.67281451490894
VN-63,2021,5.48436071404222
VN-63,2022,5.86297850241216
VN-63,2023,6.12136166715957
VN-63,2024,6.50626527177468
VN-67,2021,3.51528208300749
VN-67,2022,3.64865887277327
VN-67,2023,3.77192717499188
VN-67,2024,3.94308110425276
VN-18,2021,4.70935231963188
VN-18,2022,5.10709363631597
VN-18,2023,5.48617003391004
VN-18,2024,5.67676138288198
VN-21,2021,3.79073669663451
VN-21,2022,4.16274970386015
VN-21,2023,4.4
VN-21,2024,4.5
VN-22,2021,3.64066992549736
VN-22,2022,3.8496263486057
VN-22,2023,4.0
VN-22,2024,4.1
VN-23,2021,3.95645270265908
VN-23,2022,4.217865347154
VN-23,2023,4.4
VN-23,2024,4.5
VN-24,2021,5.19845605635504
VN-24,2022,5.50301905539348
VN-24,2023,5.6
VN-24,2024,5.6
VN-25,2021,4.72220923696525
VN-25,2022,5.03764768172779
VN-25,2023,5.1
VN-25,2024,5.1
VN-26,2021,4.12811634649136
VN-26,2022,4.42673138980059
VN-26,2023,4.5
VN-26,2024,4.6
VN-DN,2021,20.66352819936294
VN-DN,2022,20.83205279190813
VN-DN,2023,20.7
VN-DN,2024,19.9
VN-27,2021,5.20587490152221
VN-27,2022,5.43444995034162
VN-27,2023,5.5
VN-27,2024,5.5
VN-29,2021,4.35243312463161
VN-29,2022,4.44988917423769
VN-29,2023,4.6
VN-29,2024,4.5
VN-31,2021,4.67937217649812
VN-31,2022,5.14862542669773
VN-31,2023,5.4
VN-31,2024,5.5
VN-38,2021,3.5269863569132
VN-38,2022,3.76902622461982
VN-38,2023,3.9
VN-38,2024,3.9
VN-34,2021,8.92904358918067
VN-34,2022,8.93004532009962
VN-34,2023,9.1
VN-34,2024,9.0
VN-36,2021,4.71941354810857
VN-36,2022,4.97926281521273
VN-36,2023,5.2
VN-36,2024,5.2
VN-40,2021,4.38575953382715
VN-40,2022,4.64036752349735
VN-40,2023,4.7
VN-40,2024,4.7
VN-28,2021,3.46707075916818
VN-28,2022,3.53673130843539
VN-28,2023,3.6
VN-28,2024,3.6
VN-30,2021,3.08143925581134
VN-30,2022,3.2923083305206
VN-30,2023,3.4
VN-30,2024,3.4
VN-33,2021,3.7124158872089
VN-33,2022,3.84322678843227
VN-33,2023,4.0
VN-33,2024,4.2
VN-72,2021,3.5534942835216
VN-72,2022,3.8266637636118
VN-72,2023,3.9
VN-72,2024,4.0
VN-35,2021,5.58313077462535
VN-35,2022,5.76796654789529
VN-35,2023,6.1
VN-35,2024,6.0
VN-58,2021,6.06862347881693
VN-58,2022,6.39336134234493
VN-58,2023,6.7
VN-58,2024,6.7
VN-37,2021,3.85817158202803
VN-37,2022,4.14718554996055
VN-37,2023,4.3
VN-37,2024,4.4
VN-57,2021,14.50562907595354
VN-57,2022,14.74273322514661
VN-57,2023,15.3
VN-57,2024,15.8
VN-39,2021,7.90602261901869
VN-39,2022,7.93874082178115
VN-39,2023,8.0
VN-39,2024,8.2
VN-43,2021,9.68727440928713
VN-43,2022,10.12475661642749
VN-43,2023,10.4
VN-43,2024,10.5
VN-SG,2021,29.28653576450852
VN-SG,2022,29.18799363175695
VN-SG,2023,28.9
VN-SG,2024,28.3
VN-41,2021,6.42502474084527
VN-41,2022,6.62703782998964
VN-41,2023,7.0
VN-41,2024,7.7
VN-46,2021,2.84362959532791
VN-46,2022,3.09762966913058
VN-46,2023,3.3
VN-46,2024,3.4
VN-50,2021,2.68039409058263
VN-50,2022,2.75191331935292
VN-50,2023,3.0
VN-50,2024,3.0
VN-51,2021,2.39143579701023
VN-51,2022,2.57736510284933
VN-51,2023,2.7
VN-51,2024,2.7
VN-49,2021,2.71327434488321
VN-49,2022,2.79640209871095
VN-49,2023,3.0
VN-49,2024,3.0
VN-45,2021,2.32123029577108
VN-45,2022,2.49036039920758
VN-45,2023,2.6
VN-45,2024,2.7
VN-44,2021,2.54306611238718
VN-44,2022,2.65439912338705
VN-44,2023,2.7
VN-44,2024,2.8
VN-47,2021,4.60589127220412
VN-47,2022,4.93047555655519
VN-47,2023,5.0
VN-47,2024,4.9
VN-CT,2021,7.71616145818344
VN-CT,2022,8.03291098001514
VN-CT,2023,8.3
VN-CT,2024,8.5
VN-73,2021,3.2183003836055
VN-73,2022,3.47102747622579
VN-73,2023,3.7
VN-73,2024,4.0
VN-52,2021,2.33092158675357
VN-52,2022,2.41688463153571
VN-52,2023,2.4
VN-52,2024,2.5
VN-55,2021,2.38865118507147
VN-55,2022,2.36708472145531
VN-55,2023,2.5
VN-55,2024,2.5
VN-59,2021,3.02708942305741
VN-59,2022,3.1814459265982
VN-59,2023,3.2
VN-59,2024,3.1
