province_id_legacy63,province,year,variable,value,reason,source_lineage,review_status,retained_excluded_status
VN_LEGACY63_01,Ha Noi,2021,ftth_download_median_apr_dec_mbps,58.68,outside_1.5_IQR,fact_vnnic_province_month_primary | nso_pxweb_V05.05_retrieved_20260913,FLAGGED_FOR_REVIEW,RETAINED
VN_LEGACY63_79,TP. Ho Chi Minh,2021,ftth_download_median_apr_dec_mbps,58.16,outside_1.5_IQR,fact_vnnic_province_month_primary | nso_pxweb_V05.05_retrieved_20260913,FLAGGED_FOR_REVIEW,RETAINED
VN_LEGACY63_11,Dien Bien,2022,ftth_download_median_apr_dec_mbps,87.9,outside_1.5_IQR,fact_vnnic_province_month_primary | nso_pxweb_V05.05_retrieved_20260913,FLAGGED_FOR_REVIEW,RETAINED
VN_LEGACY63_12,Lai Chau,2023,ftth_download_median_apr_dec_mbps,131.68,outside_1.5_IQR,fact_vnnic_province_month_primary | nso_pxweb_V05.05_retrieved_20260913,FLAGGED_FOR_REVIEW,RETAINED
VN_LEGACY63_12,Lai Chau,2024,ftth_download_median_apr_dec_mbps,58.22,outside_1.5_IQR,fact_vnnic_province_month_primary | nso_pxweb_V05.05_retrieved_20260913,FLAGGED_FOR_REVIEW,RETAINED
VN_LEGACY63_14,Son La,2024,ftth_download_median_apr_dec_mbps,55.48,outside_1.5_IQR,fact_vnnic_province_month_primary | nso_pxweb_V05.05_retrieved_20260913,FLAGGED_FOR_REVIEW,RETAINED
VN_LEGACY63_01,Ha Noi,2021,active_firms_per_1000,21.42558551637694,outside_1.5_IQR,fact_vnnic_province_month_primary | nso_pxweb_V05.05_retrieved_20260913,FLAGGED_FOR_REVIEW,RETAINED
VN_LEGACY63_48,Da Nang,2021,active_firms_per_1000,20.66352819936294,outside_1.5_IQR,fact_vnnic_province_month_primary | nso_pxweb_V05.05_retrieved_20260913,FLAGGED_FOR_REVIEW,RETAINED
VN_LEGACY63_74,Binh Duong,2021,active_firms_per_1000,14.50562907595354,outside_1.5_IQR,fact_vnnic_province_month_primary | nso_pxweb_V05.05_retrieved_20260913,FLAGGED_FOR_REVIEW,RETAINED
VN_LEGACY63_77,Ba Ria - Vung Tau,2021,active_firms_per_1000,9.68727440928713,outside_1.5_IQR,fact_vnnic_province_month_primary | nso_pxweb_V05.05_retrieved_20260913,FLAGGED_FOR_REVIEW,RETAINED
VN_LEGACY63_79,TP. Ho Chi Minh,2021,active_firms_per_1000,29.28653576450852,outside_1.5_IQR,fact_vnnic_province_month_primary | nso_pxweb_V05.05_retrieved_20260913,FLAGGED_FOR_REVIEW,RETAINED
VN_LEGACY63_01,Ha Noi,2022,active_firms_per_1000,22.16864801914541,outside_1.5_IQR,fact_vnnic_province_month_primary | nso_pxweb_V05.05_retrieved_20260913,FLAGGED_FOR_REVIEW,RETAINED
VN_LEGACY63_48,Da Nang,2022,active_firms_per_1000,20.83205279190813,outside_1.5_IQR,fact_vnnic_province_month_primary | nso_pxweb_V05.05_retrieved_20260913,FLAGGED_FOR_REVIEW,RETAINED
VN_LEGACY63_74,Binh Duong,2022,active_firms_per_1000,14.74273322514661,outside_1.5_IQR,fact_vnnic_province_month_primary | nso_pxweb_V05.05_retrieved_20260913,FLAGGED_FOR_REVIEW,RETAINED
VN_LEGACY63_77,Ba Ria - Vung Tau,2022,active_firms_per_1000,10.12475661642749,outside_1.5_IQR,fact_vnnic_province_month_primary | nso_pxweb_V05.05_retrieved_20260913,FLAGGED_FOR_REVIEW,RETAINED
VN_LEGACY63_79,TP. Ho Chi Minh,2022,active_firms_per_1000,29.18799363175695,outside_1.5_IQR,fact_vnnic_province_month_primary | nso_pxweb_V05.05_retrieved_20260913,FLAGGED_FOR_REVIEW,RETAINED
VN_LEGACY63_01,Ha Noi,2023,active_firms_per_1000,22.38211098742401,outside_1.5_IQR,fact_vnnic_province_month_primary | nso_pxweb_V05.05_retrieved_20260913,FLAGGED_FOR_REVIEW,RETAINED
VN_LEGACY63_27,Bac Ninh,2023,active_firms_per_1000,10.88543145993815,outside_1.5_IQR,fact_vnnic_province_month_primary | nso_pxweb_V05.05_retrieved_20260913,FLAGGED_FOR_REVIEW,RETAINED
VN_LEGACY63_48,Da Nang,2023,active_firms_per_1000,20.7,outside_1.5_IQR,fact_vnnic_province_month_primary | nso_pxweb_V05.05_retrieved_20260913,FLAGGED_FOR_REVIEW,RETAINED
VN_LEGACY63_74,Binh Duong,2023,active_firms_per_1000,15.3,outside_1.5_IQR,fact_vnnic_province_month_primary | nso_pxweb_V05.05_retrieved_20260913,FLAGGED_FOR_REVIEW,RETAINED
VN_LEGACY63_79,TP. Ho Chi Minh,2023,active_firms_per_1000,28.9,outside_1.5_IQR,fact_vnnic_province_month_primary | nso_pxweb_V05.05_retrieved_20260913,FLAGGED_FOR_REVIEW,RETAINED
VN_LEGACY63_01,Ha Noi,2024,active_firms_per_1000,22.57907426743093,outside_1.5_IQR,fact_vnnic_province_month_primary | nso_pxweb_V05.05_retrieved_20260913,FLAGGED_FOR_REVIEW,RETAINED
VN_LEGACY63_27,Bac Ninh,2024,active_firms_per_1000,11.71607807904884,outside_1.5_IQR,fact_vnnic_province_month_primary | nso_pxweb_V05.05_retrieved_20260913,FLAGGED_FOR_REVIEW,RETAINED
VN_LEGACY63_48,Da Nang,2024,active_firms_per_1000,19.9,outside_1.5_IQR,fact_vnnic_province_month_primary | nso_pxweb_V05.05_retrieved_20260913,FLAGGED_FOR_REVIEW,RETAINED
VN_LEGACY63_74,Binh Duong,2024,active_firms_per_1000,15.8,outside_1.5_IQR,fact_vnnic_province_month_primary | nso_pxweb_V05.05_retrieved_20260913,FLAGGED_FOR_REVIEW,RETAINED
VN_LEGACY63_79,TP. Ho Chi Minh,2024,active_firms_per_1000,28.3,outside_1.5_IQR,fact_vnnic_province_month_primary | nso_pxweb_V05.05_retrieved_20260913,FLAGGED_FOR_REVIEW,RETAINED
VN_LEGACY63_75,Dong Nai,2021-2024,ftth_change_2021_2024_mbps,56.18000000000001,top_5_absolute_period_change,panel_2021_and_2024,SOURCE_FACT_RECONCILED,RETAINED
VN_LEGACY63_93,Hau Giang,2021-2024,ftth_change_2021_2024_mbps,54.300000000000004,top_5_absolute_period_change,panel_2021_and_2024,SOURCE_FACT_RECONCILED,RETAINED
VN_LEGACY63_89,An Giang,2021-2024,ftth_change_2021_2024_mbps,51.82,top_5_absolute_period_change,panel_2021_and_2024,SOURCE_FACT_RECONCILED,RETAINED
VN_LEGACY63_96,Ca Mau,2021-2024,ftth_change_2021_2024_mbps,50.62,top_5_absolute_period_change,panel_2021_and_2024,SOURCE_FACT_RECONCILED,RETAINED
VN_LEGACY63_77,Ba Ria - Vung Tau,2021-2024,ftth_change_2021_2024_mbps,50.53,top_5_absolute_period_change,panel_2021_and_2024,SOURCE_FACT_RECONCILED,RETAINED
VN_LEGACY63_27,Bac Ninh,2021-2024,firm_density_change_2021_2024,2.1846192750609905,top_5_absolute_period_change,panel_2021_and_2024,SOURCE_FACT_RECONCILED,RETAINED
VN_LEGACY63_33,Hung Yen,2021-2024,firm_density_change_2021_2024,1.7509561788903492,top_5_absolute_period_change,panel_2021_and_2024,SOURCE_FACT_RECONCILED,RETAINED
VN_LEGACY63_26,Vinh Phuc,2021-2024,firm_density_change_2021_2024,1.3743836416043296,top_5_absolute_period_change,panel_2021_and_2024,SOURCE_FACT_RECONCILED,RETAINED
VN_LEGACY63_74,Binh Duong,2021-2024,firm_density_change_2021_2024,1.2943709240464614,top_5_absolute_period_change,panel_2021_and_2024,SOURCE_FACT_RECONCILED,RETAINED
VN_LEGACY63_80,Long An,2021-2024,firm_density_change_2021_2024,1.27497525915473,top_5_absolute_period_change,panel_2021_and_2024,SOURCE_FACT_RECONCILED,RETAINED
VN_LEGACY63_02,Ha Giang,2021-2024,ftth_quartile_change_2021_2024,-2.0,moved_two_or_more_quartiles,panel_2021_and_2024,SOURCE_FACT_RECONCILED,RETAINED
VN_LEGACY63_17,Hoa Binh,2021-2024,ftth_quartile_change_2021_2024,-3.0,moved_two_or_more_quartiles,panel_2021_and_2024,SOURCE_FACT_RECONCILED,RETAINED
VN_LEGACY63_19,Thai Nguyen,2021-2024,ftth_quartile_change_2021_2024,-2.0,moved_two_or_more_quartiles,panel_2021_and_2024,SOURCE_FACT_RECONCILED,RETAINED
VN_LEGACY63_30,Hai Duong,2021-2024,ftth_quartile_change_2021_2024,-2.0,moved_two_or_more_quartiles,panel_2021_and_2024,SOURCE_FACT_RECONCILED,RETAINED
VN_LEGACY63_33,Hung Yen,2021-2024,ftth_quartile_change_2021_2024,-2.0,moved_two_or_more_quartiles,panel_2021_and_2024,SOURCE_FACT_RECONCILED,RETAINED
VN_LEGACY63_37,Ninh Binh,2021-2024,ftth_quartile_change_2021_2024,-2.0,moved_two_or_more_quartiles,panel_2021_and_2024,SOURCE_FACT_RECONCILED,RETAINED
VN_LEGACY63_51,Quang Ngai,2021-2024,ftth_quartile_change_2021_2024,2.0,moved_two_or_more_quartiles,panel_2021_and_2024,SOURCE_FACT_RECONCILED,RETAINED
VN_LEGACY63_62,Kon Tum,2021-2024,ftth_quartile_change_2021_2024,-2.0,moved_two_or_more_quartiles,panel_2021_and_2024,SOURCE_FACT_RECONCILED,RETAINED
VN_LEGACY63_68,Lam Dong,2021-2024,ftth_quartile_change_2021_2024,-2.0,moved_two_or_more_quartiles,panel_2021_and_2024,SOURCE_FACT_RECONCILED,RETAINED
VN_LEGACY63_82,Tien Giang,2021-2024,ftth_quartile_change_2021_2024,2.0,moved_two_or_more_quartiles,panel_2021_and_2024,SOURCE_FACT_RECONCILED,RETAINED
VN_LEGACY63_89,An Giang,2021-2024,ftth_quartile_change_2021_2024,2.0,moved_two_or_more_quartiles,panel_2021_and_2024,SOURCE_FACT_RECONCILED,RETAINED
VN_LEGACY63_93,Hau Giang,2021-2024,ftth_quartile_change_2021_2024,3.0,moved_two_or_more_quartiles,panel_2021_and_2024,SOURCE_FACT_RECONCILED,RETAINED
VN_LEGACY63_96,Ca Mau,2021-2024,ftth_quartile_change_2021_2024,2.0,moved_two_or_more_quartiles,panel_2021_and_2024,SOURCE_FACT_RECONCILED,RETAINED
