network,province_id_legacy63,month
ftth,VN_LEGACY63_02,2019-12-01
ftth,VN_LEGACY63_02,2020-01-01
ftth,VN_LEGACY63_02,2020-02-01
ftth,VN_LEGACY63_02,2020-03-01
ftth,VN_LEGACY63_02,2020-04-01
ftth,VN_LEGACY63_02,2020-06-01
ftth,VN_LEGACY63_02,2020-07-01
ftth,VN_LEGACY63_02,2020-08-01
ftth,VN_LEGACY63_02,2020-09-01
ftth,VN_LEGACY63_02,2020-10-01
ftth,VN_LEGACY63_02,2020-11-01
ftth,VN_LEGACY63_02,2020-12-01
ftth,VN_LEGACY63_02,2021-03-01
ftth,VN_LEGACY63_04,2019-12-01
ftth,VN_LEGACY63_04,2020-01-01
ftth,VN_LEGACY63_04,2020-02-01
ftth,VN_LEGACY63_04,2020-03-01
ftth,VN_LEGACY63_04,2020-05-01
ftth,VN_LEGACY63_04,2020-06-01
ftth,VN_LEGACY63_04,2020-11-01
ftth,VN_LEGACY63_06,2019-12-01
ftth,VN_LEGACY63_06,2020-01-01
ftth,VN_LEGACY63_06,2020-02-01
ftth,VN_LEGACY63_06,2020-03-01
ftth,VN_LEGACY63_08,2019-12-01
ftth,VN_LEGACY63_08,2020-01-01
ftth,VN_LEGACY63_08,2020-02-01
ftth,VN_LEGACY63_08,2020-03-01
ftth,VN_LEGACY63_08,2020-05-01
ftth,VN_LEGACY63_08,2020-06-01
ftth,VN_LEGACY63_08,2020-07-01
ftth,VN_LEGACY63_08,2020-08-01
ftth,VN_LEGACY63_10,2019-12-01
ftth,VN_LEGACY63_10,2020-02-01
ftth,VN_LEGACY63_10,2020-03-01
ftth,VN_LEGACY63_10,2020-07-01
ftth,VN_LEGACY63_11,2019-12-01
ftth,VN_LEGACY63_11,2020-01-01
ftth,VN_LEGACY63_11,2020-02-01
ftth,VN_LEGACY63_11,2020-03-01
ftth,VN_LEGACY63_12,2019-12-01
ftth,VN_LEGACY63_12,2020-01-01
ftth,VN_LEGACY63_12,2020-02-01
ftth,VN_LEGACY63_12,2020-03-01
ftth,VN_LEGACY63_12,2020-05-01
ftth,VN_LEGACY63_12,2020-06-01
ftth,VN_LEGACY63_12,2020-07-01
ftth,VN_LEGACY63_12,2020-08-01
ftth,VN_LEGACY63_12,2020-11-01
ftth,VN_LEGACY63_14,2019-12-01
ftth,VN_LEGACY63_14,2020-01-01
ftth,VN_LEGACY63_14,2020-02-01
ftth,VN_LEGACY63_14,2020-03-01
ftth,VN_LEGACY63_14,2020-07-01
ftth,VN_LEGACY63_15,2019-12-01
ftth,VN_LEGACY63_15,2020-01-01
ftth,VN_LEGACY63_15,2020-02-01
ftth,VN_LEGACY63_15,2020-03-01
ftth,VN_LEGACY63_15,2020-05-01
ftth,VN_LEGACY63_15,2020-06-01
ftth,VN_LEGACY63_15,2020-07-01
ftth,VN_LEGACY63_17,2019-12-01
ftth,VN_LEGACY63_17,2020-01-01
ftth,VN_LEGACY63_17,2020-02-01
ftth,VN_LEGACY63_17,2020-06-01
ftth,VN_LEGACY63_17,2020-07-01
ftth,VN_LEGACY63_19,2019-12-01
ftth,VN_LEGACY63_19,2020-02-01
ftth,VN_LEGACY63_20,2019-12-01
ftth,VN_LEGACY63_20,2020-01-01
ftth,VN_LEGACY63_20,2020-02-01
ftth,VN_LEGACY63_20,2020-03-01
ftth,VN_LEGACY63_20,2020-06-01
ftth,VN_LEGACY63_20,2020-07-01
ftth,VN_LEGACY63_22,2019-12-01
ftth,VN_LEGACY63_22,2020-02-01
ftth,VN_LEGACY63_22,2020-03-01
ftth,VN_LEGACY63_24,2019-12-01
ftth,VN_LEGACY63_24,2020-02-01
ftth,VN_LEGACY63_24,2020-07-01
ftth,VN_LEGACY63_25,2019-12-01
ftth,VN_LEGACY63_25,2020-02-01
ftth,VN_LEGACY63_25,2020-03-01
ftth,VN_LEGACY63_25,2020-07-01
ftth,VN_LEGACY63_26,2019-12-01
ftth,VN_LEGACY63_26,2020-01-01
ftth,VN_LEGACY63_26,2020-02-01
ftth,VN_LEGACY63_26,2020-03-01
ftth,VN_LEGACY63_26,2020-07-01
ftth,VN_LEGACY63_27,2019-12-01
ftth,VN_LEGACY63_27,2020-02-01
ftth,VN_LEGACY63_30,2019-12-01
ftth,VN_LEGACY63_30,2020-02-01
ftth,VN_LEGACY63_30,2020-03-01
ftth,VN_LEGACY63_30,2020-07-01
ftth,VN_LEGACY63_31,2020-02-01
ftth,VN_LEGACY63_31,2020-03-01
ftth,VN_LEGACY63_33,2019-12-01
ftth,VN_LEGACY63_33,2020-02-01
ftth,VN_LEGACY63_33,2020-03-01
ftth,VN_LEGACY63_34,2019-12-01
ftth,VN_LEGACY63_34,2020-01-01
ftth,VN_LEGACY63_34,2020-02-01
ftth,VN_LEGACY63_34,2020-03-01
ftth,VN_LEGACY63_34,2020-05-01
ftth,VN_LEGACY63_34,2020-06-01
ftth,VN_LEGACY63_34,2020-07-01
ftth,VN_LEGACY63_34,2020-08-01
ftth,VN_LEGACY63_35,2019-12-01
ftth,VN_LEGACY63_35,2020-01-01
ftth,VN_LEGACY63_35,2020-02-01
ftth,VN_LEGACY63_35,2020-03-01
ftth,VN_LEGACY63_35,2020-06-01
ftth,VN_LEGACY63_35,2020-07-01
ftth,VN_LEGACY63_35,2020-08-01
ftth,VN_LEGACY63_36,2019-12-01
ftth,VN_LEGACY63_36,2020-06-01
ftth,VN_LEGACY63_37,2019-12-01
ftth,VN_LEGACY63_37,2020-01-01
ftth,VN_LEGACY63_37,2020-02-01
ftth,VN_LEGACY63_37,2020-03-01
ftth,VN_LEGACY63_37,2020-05-01
ftth,VN_LEGACY63_37,2020-06-01
ftth,VN_LEGACY63_37,2020-07-01
ftth,VN_LEGACY63_37,2020-08-01
ftth,VN_LEGACY63_38,2020-02-01
ftth,VN_LEGACY63_38,2020-03-01
ftth,VN_LEGACY63_38,2020-05-01
ftth,VN_LEGACY63_38,2020-06-01
ftth,VN_LEGACY63_38,2020-08-01
ftth,VN_LEGACY63_40,2019-12-01
ftth,VN_LEGACY63_40,2020-02-01
ftth,VN_LEGACY63_40,2020-03-01
ftth,VN_LEGACY63_42,2019-12-01
ftth,VN_LEGACY63_42,2020-01-01
ftth,VN_LEGACY63_42,2020-02-01
ftth,VN_LEGACY63_44,2019-12-01
ftth,VN_LEGACY63_44,2020-02-01
ftth,VN_LEGACY63_45,2019-12-01
ftth,VN_LEGACY63_45,2020-01-01
ftth,VN_LEGACY63_45,2020-02-01
ftth,VN_LEGACY63_45,2020-03-01
ftth,VN_LEGACY63_45,2020-04-01
ftth,VN_LEGACY63_45,2020-05-01
ftth,VN_LEGACY63_45,2020-06-01
ftth,VN_LEGACY63_45,2020-07-01
ftth,VN_LEGACY63_45,2020-08-01
ftth,VN_LEGACY63_46,2019-12-01
ftth,VN_LEGACY63_46,2020-02-01
ftth,VN_LEGACY63_46,2020-03-01
ftth,VN_LEGACY63_49,2019-12-01
ftth,VN_LEGACY63_49,2020-02-01
ftth,VN_LEGACY63_51,2019-12-01
ftth,VN_LEGACY63_51,2020-01-01
ftth,VN_LEGACY63_51,2020-02-01
ftth,VN_LEGACY63_51,2020-03-01
ftth,VN_LEGACY63_51,2020-05-01
ftth,VN_LEGACY63_51,2020-07-01
ftth,VN_LEGACY63_52,2019-12-01
ftth,VN_LEGACY63_52,2020-02-01
ftth,VN_LEGACY63_52,2020-03-01
ftth,VN_LEGACY63_54,2019-12-01
ftth,VN_LEGACY63_54,2020-02-01
ftth,VN_LEGACY63_54,2020-03-01
ftth,VN_LEGACY63_54,2020-05-01
ftth,VN_LEGACY63_54,2020-07-01
ftth,VN_LEGACY63_54,2020-08-01
ftth,VN_LEGACY63_54,2020-09-01
ftth,VN_LEGACY63_56,2019-12-01
ftth,VN_LEGACY63_56,2020-02-01
ftth,VN_LEGACY63_56,2020-03-01
ftth,VN_LEGACY63_56,2020-06-01
ftth,VN_LEGACY63_58,2020-02-01
ftth,VN_LEGACY63_58,2020-03-01
ftth,VN_LEGACY63_58,2020-05-01
ftth,VN_LEGACY63_60,2019-12-01
ftth,VN_LEGACY63_60,2020-02-01
ftth,VN_LEGACY63_60,2020-03-01
ftth,VN_LEGACY63_62,2019-12-01
ftth,VN_LEGACY63_62,2020-01-01
ftth,VN_LEGACY63_62,2020-02-01
ftth,VN_LEGACY63_62,2020-05-01
ftth,VN_LEGACY63_62,2020-06-01
ftth,VN_LEGACY63_62,2020-07-01
ftth,VN_LEGACY63_62,2020-08-01
ftth,VN_LEGACY63_64,2019-12-01
ftth,VN_LEGACY63_64,2020-02-01
ftth,VN_LEGACY63_66,2019-12-01
ftth,VN_LEGACY63_66,2020-01-01
ftth,VN_LEGACY63_66,2020-02-01
ftth,VN_LEGACY63_66,2020-03-01
ftth,VN_LEGACY63_66,2020-05-01
ftth,VN_LEGACY63_66,2020-06-01
ftth,VN_LEGACY63_66,2020-07-01
ftth,VN_LEGACY63_67,2019-12-01
ftth,VN_LEGACY63_67,2020-01-01
ftth,VN_LEGACY63_67,2020-02-01
ftth,VN_LEGACY63_67,2020-03-01
ftth,VN_LEGACY63_67,2020-04-01
ftth,VN_LEGACY63_67,2020-05-01
ftth,VN_LEGACY63_67,2020-06-01
ftth,VN_LEGACY63_67,2020-07-01
ftth,VN_LEGACY63_67,2020-08-01
ftth,VN_LEGACY63_67,2020-09-01
ftth,VN_LEGACY63_67,2020-10-01
ftth,VN_LEGACY63_67,2020-11-01
ftth,VN_LEGACY63_68,2019-12-01
ftth,VN_LEGACY63_68,2020-02-01
ftth,VN_LEGACY63_68,2020-03-01
ftth,VN_LEGACY63_68,2020-06-01
ftth,VN_LEGACY63_70,2019-12-01
ftth,VN_LEGACY63_70,2020-01-01
ftth,VN_LEGACY63_70,2020-02-01
ftth,VN_LEGACY63_70,2020-03-01
ftth,VN_LEGACY63_70,2020-05-01
ftth,VN_LEGACY63_70,2020-07-01
ftth,VN_LEGACY63_72,2019-12-01
ftth,VN_LEGACY63_72,2020-01-01
ftth,VN_LEGACY63_72,2020-02-01
ftth,VN_LEGACY63_72,2020-03-01
ftth,VN_LEGACY63_72,2020-06-01
ftth,VN_LEGACY63_77,2020-02-01
ftth,VN_LEGACY63_80,2019-12-01
ftth,VN_LEGACY63_80,2020-02-01
ftth,VN_LEGACY63_80,2020-07-01
ftth,VN_LEGACY63_82,2019-12-01
ftth,VN_LEGACY63_83,2019-12-01
ftth,VN_LEGACY63_83,2020-03-01
ftth,VN_LEGACY63_83,2020-07-01
ftth,VN_LEGACY63_84,2019-12-01
ftth,VN_LEGACY63_84,2020-01-01
ftth,VN_LEGACY63_84,2020-03-01
ftth,VN_LEGACY63_86,2019-12-01
ftth,VN_LEGACY63_86,2020-02-01
ftth,VN_LEGACY63_87,2019-12-01
ftth,VN_LEGACY63_87,2020-02-01
ftth,VN_LEGACY63_87,2020-07-01
ftth,VN_LEGACY63_89,2019-12-01
ftth,VN_LEGACY63_89,2020-03-01
ftth,VN_LEGACY63_92,2019-12-01
ftth,VN_LEGACY63_93,2019-12-01
ftth,VN_LEGACY63_93,2020-01-01
ftth,VN_LEGACY63_93,2020-02-01
ftth,VN_LEGACY63_93,2020-03-01
ftth,VN_LEGACY63_93,2020-06-01
ftth,VN_LEGACY63_93,2020-07-01
ftth,VN_LEGACY63_93,2020-08-01
ftth,VN_LEGACY63_94,2019-12-01
ftth,VN_LEGACY63_94,2020-02-01
ftth,VN_LEGACY63_94,2020-03-01
ftth,VN_LEGACY63_94,2020-06-01
ftth,VN_LEGACY63_94,2020-07-01
ftth,VN_LEGACY63_95,2019-12-01
ftth,VN_LEGACY63_95,2020-01-01
ftth,VN_LEGACY63_95,2020-02-01
ftth,VN_LEGACY63_95,2020-03-01
ftth,VN_LEGACY63_96,2019-12-01
ftth,VN_LEGACY63_96,2020-02-01
mobile,VN_LEGACY63_02,2019-12-01
mobile,VN_LEGACY63_02,2020-01-01
mobile,VN_LEGACY63_02,2020-02-01
mobile,VN_LEGACY63_02,2020-03-01
mobile,VN_LEGACY63_02,2020-04-01
mobile,VN_LEGACY63_02,2020-05-01
mobile,VN_LEGACY63_02,2020-06-01
mobile,VN_LEGACY63_02,2020-07-01
mobile,VN_LEGACY63_02,2020-08-01
mobile,VN_LEGACY63_02,2020-09-01
mobile,VN_LEGACY63_02,2020-10-01
mobile,VN_LEGACY63_02,2020-11-01
mobile,VN_LEGACY63_02,2020-12-01
mobile,VN_LEGACY63_02,2021-01-01
mobile,VN_LEGACY63_02,2021-02-01
mobile,VN_LEGACY63_02,2021-03-01
mobile,VN_LEGACY63_02,2021-04-01
mobile,VN_LEGACY63_02,2022-02-01
mobile,VN_LEGACY63_02,2022-03-01
mobile,VN_LEGACY63_04,2019-12-01
mobile,VN_LEGACY63_04,2020-01-01
mobile,VN_LEGACY63_04,2020-02-01
mobile,VN_LEGACY63_04,2020-03-01
mobile,VN_LEGACY63_04,2020-04-01
mobile,VN_LEGACY63_04,2020-05-01
mobile,VN_LEGACY63_04,2020-06-01
mobile,VN_LEGACY63_04,2020-07-01
mobile,VN_LEGACY63_04,2020-08-01
mobile,VN_LEGACY63_04,2020-09-01
mobile,VN_LEGACY63_04,2020-10-01
mobile,VN_LEGACY63_04,2020-11-01
mobile,VN_LEGACY63_04,2020-12-01
mobile,VN_LEGACY63_04,2021-01-01
mobile,VN_LEGACY63_04,2021-02-01
mobile,VN_LEGACY63_04,2021-03-01
mobile,VN_LEGACY63_04,2021-04-01
mobile,VN_LEGACY63_04,2021-05-01
mobile,VN_LEGACY63_06,2019-12-01
mobile,VN_LEGACY63_06,2020-01-01
mobile,VN_LEGACY63_06,2020-02-01
mobile,VN_LEGACY63_06,2020-03-01
mobile,VN_LEGACY63_06,2020-04-01
mobile,VN_LEGACY63_06,2020-05-01
mobile,VN_LEGACY63_06,2020-06-01
mobile,VN_LEGACY63_06,2020-07-01
mobile,VN_LEGACY63_06,2020-08-01
mobile,VN_LEGACY63_06,2020-09-01
mobile,VN_LEGACY63_06,2020-10-01
mobile,VN_LEGACY63_06,2020-11-01
mobile,VN_LEGACY63_06,2020-12-01
mobile,VN_LEGACY63_06,2021-01-01
mobile,VN_LEGACY63_06,2021-02-01
mobile,VN_LEGACY63_06,2021-03-01
mobile,VN_LEGACY63_08,2019-12-01
mobile,VN_LEGACY63_08,2020-01-01
mobile,VN_LEGACY63_08,2020-02-01
mobile,VN_LEGACY63_08,2020-03-01
mobile,VN_LEGACY63_08,2020-04-01
mobile,VN_LEGACY63_08,2020-05-01
mobile,VN_LEGACY63_08,2020-06-01
mobile,VN_LEGACY63_08,2020-07-01
mobile,VN_LEGACY63_08,2020-08-01
mobile,VN_LEGACY63_08,2020-09-01
mobile,VN_LEGACY63_08,2020-10-01
mobile,VN_LEGACY63_08,2020-11-01
mobile,VN_LEGACY63_08,2020-12-01
mobile,VN_LEGACY63_08,2021-01-01
mobile,VN_LEGACY63_08,2021-02-01
mobile,VN_LEGACY63_08,2021-03-01
mobile,VN_LEGACY63_08,2021-04-01
mobile,VN_LEGACY63_10,2019-12-01
mobile,VN_LEGACY63_10,2020-01-01
mobile,VN_LEGACY63_10,2020-02-01
mobile,VN_LEGACY63_10,2020-03-01
mobile,VN_LEGACY63_10,2020-04-01
mobile,VN_LEGACY63_10,2020-05-01
mobile,VN_LEGACY63_10,2020-06-01
mobile,VN_LEGACY63_10,2020-07-01
mobile,VN_LEGACY63_10,2020-08-01
mobile,VN_LEGACY63_10,2020-09-01
mobile,VN_LEGACY63_10,2020-10-01
mobile,VN_LEGACY63_10,2020-11-01
mobile,VN_LEGACY63_10,2020-12-01
mobile,VN_LEGACY63_10,2021-01-01
mobile,VN_LEGACY63_11,2019-12-01
mobile,VN_LEGACY63_11,2020-01-01
mobile,VN_LEGACY63_11,2020-02-01
mobile,VN_LEGACY63_11,2020-03-01
mobile,VN_LEGACY63_11,2020-04-01
mobile,VN_LEGACY63_11,2020-05-01
mobile,VN_LEGACY63_11,2020-06-01
mobile,VN_LEGACY63_11,2020-07-01
mobile,VN_LEGACY63_11,2020-08-01
mobile,VN_LEGACY63_11,2020-09-01
mobile,VN_LEGACY63_11,2020-10-01
mobile,VN_LEGACY63_11,2020-11-01
mobile,VN_LEGACY63_11,2020-12-01
mobile,VN_LEGACY63_11,2021-01-01
mobile,VN_LEGACY63_11,2021-02-01
mobile,VN_LEGACY63_11,2021-03-01
mobile,VN_LEGACY63_11,2023-09-01
mobile,VN_LEGACY63_11,2024-05-01
mobile,VN_LEGACY63_12,2019-12-01
mobile,VN_LEGACY63_12,2020-01-01
mobile,VN_LEGACY63_12,2020-02-01
mobile,VN_LEGACY63_12,2020-03-01
mobile,VN_LEGACY63_12,2020-04-01
mobile,VN_LEGACY63_12,2020-05-01
mobile,VN_LEGACY63_12,2020-06-01
mobile,VN_LEGACY63_12,2020-07-01
mobile,VN_LEGACY63_12,2020-08-01
mobile,VN_LEGACY63_12,2020-09-01
mobile,VN_LEGACY63_12,2020-10-01
mobile,VN_LEGACY63_12,2020-11-01
mobile,VN_LEGACY63_12,2020-12-01
mobile,VN_LEGACY63_12,2021-01-01
mobile,VN_LEGACY63_12,2021-02-01
mobile,VN_LEGACY63_12,2021-03-01
mobile,VN_LEGACY63_12,2021-04-01
mobile,VN_LEGACY63_12,2022-01-01
mobile,VN_LEGACY63_12,2023-12-01
mobile,VN_LEGACY63_14,2019-12-01
mobile,VN_LEGACY63_14,2020-01-01
mobile,VN_LEGACY63_14,2020-02-01
mobile,VN_LEGACY63_14,2020-03-01
mobile,VN_LEGACY63_14,2020-04-01
mobile,VN_LEGACY63_14,2020-05-01
mobile,VN_LEGACY63_14,2020-06-01
mobile,VN_LEGACY63_14,2020-07-01
mobile,VN_LEGACY63_14,2020-08-01
mobile,VN_LEGACY63_14,2020-09-01
mobile,VN_LEGACY63_14,2020-10-01
mobile,VN_LEGACY63_14,2020-11-01
mobile,VN_LEGACY63_14,2020-12-01
mobile,VN_LEGACY63_14,2021-01-01
mobile,VN_LEGACY63_14,2021-02-01
mobile,VN_LEGACY63_14,2021-03-01
mobile,VN_LEGACY63_14,2021-04-01
mobile,VN_LEGACY63_15,2019-12-01
mobile,VN_LEGACY63_15,2020-01-01
mobile,VN_LEGACY63_15,2020-02-01
mobile,VN_LEGACY63_15,2020-03-01
mobile,VN_LEGACY63_15,2020-04-01
mobile,VN_LEGACY63_15,2020-05-01
mobile,VN_LEGACY63_15,2020-06-01
mobile,VN_LEGACY63_15,2020-07-01
mobile,VN_LEGACY63_15,2020-08-01
mobile,VN_LEGACY63_15,2020-09-01
mobile,VN_LEGACY63_15,2020-10-01
mobile,VN_LEGACY63_15,2020-11-01
mobile,VN_LEGACY63_15,2020-12-01
mobile,VN_LEGACY63_15,2021-01-01
mobile,VN_LEGACY63_15,2021-02-01
mobile,VN_LEGACY63_15,2021-03-01
mobile,VN_LEGACY63_15,2021-12-01
mobile,VN_LEGACY63_17,2019-12-01
mobile,VN_LEGACY63_17,2020-01-01
mobile,VN_LEGACY63_17,2020-02-01
mobile,VN_LEGACY63_17,2020-03-01
mobile,VN_LEGACY63_17,2020-04-01
mobile,VN_LEGACY63_17,2020-05-01
mobile,VN_LEGACY63_17,2020-06-01
mobile,VN_LEGACY63_17,2020-07-01
mobile,VN_LEGACY63_17,2020-08-01
mobile,VN_LEGACY63_17,2020-09-01
mobile,VN_LEGACY63_17,2020-10-01
mobile,VN_LEGACY63_17,2020-11-01
mobile,VN_LEGACY63_17,2020-12-01
mobile,VN_LEGACY63_17,2021-01-01
mobile,VN_LEGACY63_17,2021-02-01
mobile,VN_LEGACY63_17,2021-03-01
mobile,VN_LEGACY63_17,2021-04-01
mobile,VN_LEGACY63_19,2019-12-01
mobile,VN_LEGACY63_19,2020-01-01
mobile,VN_LEGACY63_19,2020-02-01
mobile,VN_LEGACY63_19,2020-03-01
mobile,VN_LEGACY63_19,2020-04-01
mobile,VN_LEGACY63_19,2020-05-01
mobile,VN_LEGACY63_19,2020-06-01
mobile,VN_LEGACY63_19,2020-07-01
mobile,VN_LEGACY63_19,2020-08-01
mobile,VN_LEGACY63_19,2020-09-01
mobile,VN_LEGACY63_19,2020-10-01
mobile,VN_LEGACY63_19,2020-11-01
mobile,VN_LEGACY63_19,2020-12-01
mobile,VN_LEGACY63_20,2019-12-01
mobile,VN_LEGACY63_20,2020-01-01
mobile,VN_LEGACY63_20,2020-02-01
mobile,VN_LEGACY63_20,2020-03-01
mobile,VN_LEGACY63_20,2020-04-01
mobile,VN_LEGACY63_20,2020-05-01
mobile,VN_LEGACY63_20,2020-06-01
mobile,VN_LEGACY63_20,2020-07-01
mobile,VN_LEGACY63_20,2020-08-01
mobile,VN_LEGACY63_20,2020-09-01
mobile,VN_LEGACY63_20,2020-10-01
mobile,VN_LEGACY63_20,2020-11-01
mobile,VN_LEGACY63_20,2020-12-01
mobile,VN_LEGACY63_20,2021-01-01
mobile,VN_LEGACY63_20,2021-02-01
mobile,VN_LEGACY63_20,2021-03-01
mobile,VN_LEGACY63_22,2019-12-01
mobile,VN_LEGACY63_22,2020-01-01
mobile,VN_LEGACY63_22,2020-02-01
mobile,VN_LEGACY63_22,2020-03-01
mobile,VN_LEGACY63_22,2020-04-01
mobile,VN_LEGACY63_22,2020-05-01
mobile,VN_LEGACY63_22,2020-06-01
mobile,VN_LEGACY63_22,2020-07-01
mobile,VN_LEGACY63_22,2020-08-01
mobile,VN_LEGACY63_22,2020-09-01
mobile,VN_LEGACY63_24,2019-12-01
mobile,VN_LEGACY63_24,2020-01-01
mobile,VN_LEGACY63_24,2020-02-01
mobile,VN_LEGACY63_24,2020-03-01
mobile,VN_LEGACY63_24,2020-04-01
mobile,VN_LEGACY63_24,2020-05-01
mobile,VN_LEGACY63_24,2020-06-01
mobile,VN_LEGACY63_24,2020-07-01
mobile,VN_LEGACY63_24,2020-08-01
mobile,VN_LEGACY63_24,2020-09-01
mobile,VN_LEGACY63_24,2020-11-01
mobile,VN_LEGACY63_24,2020-12-01
mobile,VN_LEGACY63_25,2019-12-01
mobile,VN_LEGACY63_25,2020-01-01
mobile,VN_LEGACY63_25,2020-02-01
mobile,VN_LEGACY63_25,2020-03-01
mobile,VN_LEGACY63_25,2020-04-01
mobile,VN_LEGACY63_25,2020-05-01
mobile,VN_LEGACY63_25,2020-06-01
mobile,VN_LEGACY63_25,2020-07-01
mobile,VN_LEGACY63_25,2020-08-01
mobile,VN_LEGACY63_25,2020-09-01
mobile,VN_LEGACY63_25,2020-11-01
mobile,VN_LEGACY63_25,2020-12-01
mobile,VN_LEGACY63_25,2021-01-01
mobile,VN_LEGACY63_26,2019-12-01
mobile,VN_LEGACY63_26,2020-01-01
mobile,VN_LEGACY63_26,2020-02-01
mobile,VN_LEGACY63_26,2020-03-01
mobile,VN_LEGACY63_26,2020-04-01
mobile,VN_LEGACY63_26,2020-05-01
mobile,VN_LEGACY63_26,2020-06-01
mobile,VN_LEGACY63_26,2020-07-01
mobile,VN_LEGACY63_26,2020-08-01
mobile,VN_LEGACY63_26,2020-11-01
mobile,VN_LEGACY63_26,2020-12-01
mobile,VN_LEGACY63_27,2019-12-01
mobile,VN_LEGACY63_27,2020-01-01
mobile,VN_LEGACY63_27,2020-02-01
mobile,VN_LEGACY63_27,2020-03-01
mobile,VN_LEGACY63_27,2020-04-01
mobile,VN_LEGACY63_27,2020-05-01
mobile,VN_LEGACY63_27,2020-06-01
mobile,VN_LEGACY63_27,2020-07-01
mobile,VN_LEGACY63_27,2020-08-01
mobile,VN_LEGACY63_30,2019-12-01
mobile,VN_LEGACY63_30,2020-01-01
mobile,VN_LEGACY63_30,2020-02-01
mobile,VN_LEGACY63_30,2020-03-01
mobile,VN_LEGACY63_30,2020-04-01
mobile,VN_LEGACY63_30,2020-05-01
mobile,VN_LEGACY63_30,2020-06-01
mobile,VN_LEGACY63_30,2020-07-01
mobile,VN_LEGACY63_30,2020-08-01
mobile,VN_LEGACY63_30,2020-10-01
mobile,VN_LEGACY63_30,2020-11-01
mobile,VN_LEGACY63_30,2020-12-01
mobile,VN_LEGACY63_31,2019-12-01
mobile,VN_LEGACY63_31,2020-01-01
mobile,VN_LEGACY63_31,2020-02-01
mobile,VN_LEGACY63_31,2020-03-01
mobile,VN_LEGACY63_31,2020-04-01
mobile,VN_LEGACY63_31,2020-05-01
mobile,VN_LEGACY63_31,2020-07-01
mobile,VN_LEGACY63_31,2020-08-01
mobile,VN_LEGACY63_31,2020-12-01
mobile,VN_LEGACY63_33,2019-12-01
mobile,VN_LEGACY63_33,2020-01-01
mobile,VN_LEGACY63_33,2020-02-01
mobile,VN_LEGACY63_33,2020-03-01
mobile,VN_LEGACY63_33,2020-04-01
mobile,VN_LEGACY63_33,2020-05-01
mobile,VN_LEGACY63_33,2020-06-01
mobile,VN_LEGACY63_33,2020-07-01
mobile,VN_LEGACY63_33,2020-08-01
mobile,VN_LEGACY63_33,2020-09-01
mobile,VN_LEGACY63_33,2020-10-01
mobile,VN_LEGACY63_33,2020-11-01
mobile,VN_LEGACY63_33,2020-12-01
mobile,VN_LEGACY63_33,2021-01-01
mobile,VN_LEGACY63_34,2019-12-01
mobile,VN_LEGACY63_34,2020-01-01
mobile,VN_LEGACY63_34,2020-02-01
mobile,VN_LEGACY63_34,2020-03-01
mobile,VN_LEGACY63_34,2020-04-01
mobile,VN_LEGACY63_34,2020-05-01
mobile,VN_LEGACY63_34,2020-06-01
mobile,VN_LEGACY63_34,2020-07-01
mobile,VN_LEGACY63_34,2020-08-01
mobile,VN_LEGACY63_35,2019-12-01
mobile,VN_LEGACY63_35,2020-01-01
mobile,VN_LEGACY63_35,2020-02-01
mobile,VN_LEGACY63_35,2020-03-01
mobile,VN_LEGACY63_35,2020-04-01
mobile,VN_LEGACY63_35,2020-05-01
mobile,VN_LEGACY63_35,2020-06-01
mobile,VN_LEGACY63_35,2020-07-01
mobile,VN_LEGACY63_35,2020-08-01
mobile,VN_LEGACY63_35,2020-09-01
mobile,VN_LEGACY63_35,2020-10-01
mobile,VN_LEGACY63_35,2020-11-01
mobile,VN_LEGACY63_35,2020-12-01
mobile,VN_LEGACY63_35,2021-01-01
mobile,VN_LEGACY63_35,2021-02-01
mobile,VN_LEGACY63_35,2021-03-01
mobile,VN_LEGACY63_36,2019-12-01
mobile,VN_LEGACY63_36,2020-01-01
mobile,VN_LEGACY63_36,2020-02-01
mobile,VN_LEGACY63_36,2020-03-01
mobile,VN_LEGACY63_36,2020-04-01
mobile,VN_LEGACY63_36,2020-05-01
mobile,VN_LEGACY63_36,2020-06-01
mobile,VN_LEGACY63_36,2020-07-01
mobile,VN_LEGACY63_36,2020-08-01
mobile,VN_LEGACY63_36,2020-09-01
mobile,VN_LEGACY63_37,2019-12-01
mobile,VN_LEGACY63_37,2020-01-01
mobile,VN_LEGACY63_37,2020-02-01
mobile,VN_LEGACY63_37,2020-03-01
mobile,VN_LEGACY63_37,2020-04-01
mobile,VN_LEGACY63_37,2020-05-01
mobile,VN_LEGACY63_37,2020-06-01
mobile,VN_LEGACY63_37,2020-07-01
mobile,VN_LEGACY63_37,2020-08-01
mobile,VN_LEGACY63_37,2020-09-01
mobile,VN_LEGACY63_37,2020-10-01
mobile,VN_LEGACY63_37,2020-11-01
mobile,VN_LEGACY63_37,2020-12-01
mobile,VN_LEGACY63_37,2021-01-01
mobile,VN_LEGACY63_37,2021-03-01
mobile,VN_LEGACY63_38,2019-12-01
mobile,VN_LEGACY63_38,2020-01-01
mobile,VN_LEGACY63_38,2020-02-01
mobile,VN_LEGACY63_38,2020-03-01
mobile,VN_LEGACY63_38,2020-04-01
mobile,VN_LEGACY63_38,2020-05-01
mobile,VN_LEGACY63_38,2020-06-01
mobile,VN_LEGACY63_38,2020-07-01
mobile,VN_LEGACY63_38,2020-08-01
mobile,VN_LEGACY63_38,2020-09-01
mobile,VN_LEGACY63_38,2020-10-01
mobile,VN_LEGACY63_38,2020-11-01
mobile,VN_LEGACY63_38,2020-12-01
mobile,VN_LEGACY63_40,2019-12-01
mobile,VN_LEGACY63_40,2020-01-01
mobile,VN_LEGACY63_40,2020-02-01
mobile,VN_LEGACY63_40,2020-03-01
mobile,VN_LEGACY63_40,2020-04-01
mobile,VN_LEGACY63_40,2020-05-01
mobile,VN_LEGACY63_40,2020-06-01
mobile,VN_LEGACY63_40,2020-07-01
mobile,VN_LEGACY63_40,2020-08-01
mobile,VN_LEGACY63_40,2020-09-01
mobile,VN_LEGACY63_40,2020-12-01
mobile,VN_LEGACY63_42,2019-12-01
mobile,VN_LEGACY63_42,2020-01-01
mobile,VN_LEGACY63_42,2020-02-01
mobile,VN_LEGACY63_42,2020-03-01
mobile,VN_LEGACY63_42,2020-04-01
mobile,VN_LEGACY63_42,2020-05-01
mobile,VN_LEGACY63_42,2020-06-01
mobile,VN_LEGACY63_42,2020-07-01
mobile,VN_LEGACY63_42,2020-08-01
mobile,VN_LEGACY63_42,2020-10-01
mobile,VN_LEGACY63_42,2020-11-01
mobile,VN_LEGACY63_42,2020-12-01
mobile,VN_LEGACY63_42,2021-01-01
mobile,VN_LEGACY63_42,2021-02-01
mobile,VN_LEGACY63_42,2021-03-01
mobile,VN_LEGACY63_42,2021-04-01
mobile,VN_LEGACY63_44,2019-12-01
mobile,VN_LEGACY63_44,2020-01-01
mobile,VN_LEGACY63_44,2020-02-01
mobile,VN_LEGACY63_44,2020-03-01
mobile,VN_LEGACY63_44,2020-04-01
mobile,VN_LEGACY63_44,2020-05-01
mobile,VN_LEGACY63_44,2020-06-01
mobile,VN_LEGACY63_44,2020-07-01
mobile,VN_LEGACY63_44,2020-08-01
mobile,VN_LEGACY63_44,2020-09-01
mobile,VN_LEGACY63_44,2020-10-01
mobile,VN_LEGACY63_44,2020-11-01
mobile,VN_LEGACY63_44,2020-12-01
mobile,VN_LEGACY63_44,2021-01-01
mobile,VN_LEGACY63_44,2021-02-01
mobile,VN_LEGACY63_44,2021-04-01
mobile,VN_LEGACY63_45,2019-12-01
mobile,VN_LEGACY63_45,2020-01-01
mobile,VN_LEGACY63_45,2020-02-01
mobile,VN_LEGACY63_45,2020-03-01
mobile,VN_LEGACY63_45,2020-04-01
mobile,VN_LEGACY63_45,2020-05-01
mobile,VN_LEGACY63_45,2020-06-01
mobile,VN_LEGACY63_45,2020-07-01
mobile,VN_LEGACY63_45,2020-08-01
mobile,VN_LEGACY63_45,2020-09-01
mobile,VN_LEGACY63_45,2020-10-01
mobile,VN_LEGACY63_45,2020-11-01
mobile,VN_LEGACY63_45,2020-12-01
mobile,VN_LEGACY63_45,2021-01-01
mobile,VN_LEGACY63_45,2021-02-01
mobile,VN_LEGACY63_45,2021-03-01
mobile,VN_LEGACY63_46,2019-12-01
mobile,VN_LEGACY63_46,2020-01-01
mobile,VN_LEGACY63_46,2020-02-01
mobile,VN_LEGACY63_46,2020-03-01
mobile,VN_LEGACY63_46,2020-04-01
mobile,VN_LEGACY63_46,2020-05-01
mobile,VN_LEGACY63_46,2020-06-01
mobile,VN_LEGACY63_46,2020-07-01
mobile,VN_LEGACY63_46,2020-08-01
mobile,VN_LEGACY63_48,2019-12-01
mobile,VN_LEGACY63_49,2019-12-01
mobile,VN_LEGACY63_49,2020-01-01
mobile,VN_LEGACY63_49,2020-02-01
mobile,VN_LEGACY63_49,2020-03-01
mobile,VN_LEGACY63_49,2020-04-01
mobile,VN_LEGACY63_49,2020-05-01
mobile,VN_LEGACY63_49,2020-06-01
mobile,VN_LEGACY63_49,2020-07-01
mobile,VN_LEGACY63_49,2020-08-01
mobile,VN_LEGACY63_51,2019-12-01
mobile,VN_LEGACY63_51,2020-01-01
mobile,VN_LEGACY63_51,2020-02-01
mobile,VN_LEGACY63_51,2020-03-01
mobile,VN_LEGACY63_51,2020-04-01
mobile,VN_LEGACY63_51,2020-05-01
mobile,VN_LEGACY63_51,2020-06-01
mobile,VN_LEGACY63_51,2020-07-01
mobile,VN_LEGACY63_51,2020-08-01
mobile,VN_LEGACY63_51,2020-09-01
mobile,VN_LEGACY63_51,2020-10-01
mobile,VN_LEGACY63_52,2019-12-01
mobile,VN_LEGACY63_52,2020-01-01
mobile,VN_LEGACY63_52,2020-02-01
mobile,VN_LEGACY63_52,2020-03-01
mobile,VN_LEGACY63_52,2020-04-01
mobile,VN_LEGACY63_52,2020-05-01
mobile,VN_LEGACY63_52,2020-06-01
mobile,VN_LEGACY63_52,2020-07-01
mobile,VN_LEGACY63_52,2020-08-01
mobile,VN_LEGACY63_52,2020-09-01
mobile,VN_LEGACY63_54,2019-12-01
mobile,VN_LEGACY63_54,2020-01-01
mobile,VN_LEGACY63_54,2020-02-01
mobile,VN_LEGACY63_54,2020-03-01
mobile,VN_LEGACY63_54,2020-04-01
mobile,VN_LEGACY63_54,2020-05-01
mobile,VN_LEGACY63_54,2020-06-01
mobile,VN_LEGACY63_54,2020-07-01
mobile,VN_LEGACY63_54,2020-08-01
mobile,VN_LEGACY63_54,2020-09-01
mobile,VN_LEGACY63_54,2020-10-01
mobile,VN_LEGACY63_54,2020-11-01
mobile,VN_LEGACY63_54,2020-12-01
mobile,VN_LEGACY63_54,2021-01-01
mobile,VN_LEGACY63_54,2021-03-01
mobile,VN_LEGACY63_54,2024-04-01
mobile,VN_LEGACY63_56,2019-12-01
mobile,VN_LEGACY63_56,2020-01-01
mobile,VN_LEGACY63_56,2020-02-01
mobile,VN_LEGACY63_56,2020-03-01
mobile,VN_LEGACY63_56,2020-04-01
mobile,VN_LEGACY63_56,2020-05-01
mobile,VN_LEGACY63_56,2020-06-01
mobile,VN_LEGACY63_56,2020-07-01
mobile,VN_LEGACY63_56,2020-08-01
mobile,VN_LEGACY63_58,2019-12-01
mobile,VN_LEGACY63_58,2020-01-01
mobile,VN_LEGACY63_58,2020-02-01
mobile,VN_LEGACY63_58,2020-03-01
mobile,VN_LEGACY63_58,2020-04-01
mobile,VN_LEGACY63_58,2020-05-01
mobile,VN_LEGACY63_58,2020-06-01
mobile,VN_LEGACY63_58,2020-07-01
mobile,VN_LEGACY63_58,2020-08-01
mobile,VN_LEGACY63_58,2020-09-01
mobile,VN_LEGACY63_58,2020-10-01
mobile,VN_LEGACY63_58,2020-11-01
mobile,VN_LEGACY63_58,2020-12-01
mobile,VN_LEGACY63_58,2021-01-01
mobile,VN_LEGACY63_58,2021-02-01
mobile,VN_LEGACY63_58,2021-03-01
mobile,VN_LEGACY63_60,2019-12-01
mobile,VN_LEGACY63_60,2020-01-01
mobile,VN_LEGACY63_60,2020-02-01
mobile,VN_LEGACY63_60,2020-03-01
mobile,VN_LEGACY63_60,2020-04-01
mobile,VN_LEGACY63_60,2020-05-01
mobile,VN_LEGACY63_60,2020-06-01
mobile,VN_LEGACY63_60,2020-07-01
mobile,VN_LEGACY63_60,2020-08-01
mobile,VN_LEGACY63_60,2020-09-01
mobile,VN_LEGACY63_60,2020-10-01
mobile,VN_LEGACY63_60,2020-11-01
mobile,VN_LEGACY63_60,2020-12-01
mobile,VN_LEGACY63_62,2019-12-01
mobile,VN_LEGACY63_62,2020-01-01
mobile,VN_LEGACY63_62,2020-02-01
mobile,VN_LEGACY63_62,2020-03-01
mobile,VN_LEGACY63_62,2020-04-01
mobile,VN_LEGACY63_62,2020-05-01
mobile,VN_LEGACY63_62,2020-06-01
mobile,VN_LEGACY63_62,2020-07-01
mobile,VN_LEGACY63_62,2020-08-01
mobile,VN_LEGACY63_62,2020-09-01
mobile,VN_LEGACY63_62,2020-10-01
mobile,VN_LEGACY63_62,2020-11-01
mobile,VN_LEGACY63_62,2020-12-01
mobile,VN_LEGACY63_62,2021-01-01
mobile,VN_LEGACY63_62,2021-02-01
mobile,VN_LEGACY63_62,2021-03-01
mobile,VN_LEGACY63_62,2024-02-01
mobile,VN_LEGACY63_64,2019-12-01
mobile,VN_LEGACY63_64,2020-01-01
mobile,VN_LEGACY63_64,2020-02-01
mobile,VN_LEGACY63_64,2020-03-01
mobile,VN_LEGACY63_64,2020-04-01
mobile,VN_LEGACY63_64,2020-05-01
mobile,VN_LEGACY63_64,2020-06-01
mobile,VN_LEGACY63_64,2020-07-01
mobile,VN_LEGACY63_66,2019-12-01
mobile,VN_LEGACY63_66,2020-01-01
mobile,VN_LEGACY63_66,2020-02-01
mobile,VN_LEGACY63_66,2020-03-01
mobile,VN_LEGACY63_66,2020-04-01
mobile,VN_LEGACY63_66,2020-05-01
mobile,VN_LEGACY63_66,2020-06-01
mobile,VN_LEGACY63_66,2020-07-01
mobile,VN_LEGACY63_66,2020-08-01
mobile,VN_LEGACY63_66,2020-09-01
mobile,VN_LEGACY63_66,2020-12-01
mobile,VN_LEGACY63_67,2019-12-01
mobile,VN_LEGACY63_67,2020-01-01
mobile,VN_LEGACY63_67,2020-02-01
mobile,VN_LEGACY63_67,2020-03-01
mobile,VN_LEGACY63_67,2020-04-01
mobile,VN_LEGACY63_67,2020-05-01
mobile,VN_LEGACY63_67,2020-06-01
mobile,VN_LEGACY63_67,2020-07-01
mobile,VN_LEGACY63_67,2020-08-01
mobile,VN_LEGACY63_67,2020-09-01
mobile,VN_LEGACY63_67,2020-10-01
mobile,VN_LEGACY63_67,2020-11-01
mobile,VN_LEGACY63_67,2020-12-01
mobile,VN_LEGACY63_67,2021-01-01
mobile,VN_LEGACY63_67,2021-02-01
mobile,VN_LEGACY63_67,2021-03-01
mobile,VN_LEGACY63_67,2021-05-01
mobile,VN_LEGACY63_68,2019-12-01
mobile,VN_LEGACY63_68,2020-01-01
mobile,VN_LEGACY63_68,2020-02-01
mobile,VN_LEGACY63_68,2020-03-01
mobile,VN_LEGACY63_68,2020-04-01
mobile,VN_LEGACY63_68,2020-05-01
mobile,VN_LEGACY63_68,2020-06-01
mobile,VN_LEGACY63_68,2020-07-01
mobile,VN_LEGACY63_70,2019-12-01
mobile,VN_LEGACY63_70,2020-01-01
mobile,VN_LEGACY63_70,2020-02-01
mobile,VN_LEGACY63_70,2020-03-01
mobile,VN_LEGACY63_70,2020-04-01
mobile,VN_LEGACY63_70,2020-05-01
mobile,VN_LEGACY63_70,2020-06-01
mobile,VN_LEGACY63_70,2020-07-01
mobile,VN_LEGACY63_70,2020-08-01
mobile,VN_LEGACY63_70,2020-09-01
mobile,VN_LEGACY63_70,2020-10-01
mobile,VN_LEGACY63_70,2020-11-01
mobile,VN_LEGACY63_70,2020-12-01
mobile,VN_LEGACY63_70,2021-01-01
mobile,VN_LEGACY63_70,2021-02-01
mobile,VN_LEGACY63_70,2021-03-01
mobile,VN_LEGACY63_72,2019-12-01
mobile,VN_LEGACY63_72,2020-01-01
mobile,VN_LEGACY63_72,2020-02-01
mobile,VN_LEGACY63_72,2020-03-01
mobile,VN_LEGACY63_72,2020-04-01
mobile,VN_LEGACY63_72,2020-06-01
mobile,VN_LEGACY63_72,2020-07-01
mobile,VN_LEGACY63_72,2020-10-01
mobile,VN_LEGACY63_72,2021-02-01
mobile,VN_LEGACY63_74,2019-12-01
mobile,VN_LEGACY63_74,2020-01-01
mobile,VN_LEGACY63_74,2020-02-01
mobile,VN_LEGACY63_74,2020-03-01
mobile,VN_LEGACY63_74,2020-04-01
mobile,VN_LEGACY63_74,2020-05-01
mobile,VN_LEGACY63_74,2020-06-01
mobile,VN_LEGACY63_74,2020-07-01
mobile,VN_LEGACY63_75,2019-12-01
mobile,VN_LEGACY63_75,2020-01-01
mobile,VN_LEGACY63_75,2020-02-01
mobile,VN_LEGACY63_75,2020-03-01
mobile,VN_LEGACY63_75,2020-04-01
mobile,VN_LEGACY63_75,2020-05-01
mobile,VN_LEGACY63_75,2020-06-01
mobile,VN_LEGACY63_75,2020-07-01
mobile,VN_LEGACY63_75,2020-08-01
mobile,VN_LEGACY63_77,2019-12-01
mobile,VN_LEGACY63_77,2020-01-01
mobile,VN_LEGACY63_77,2020-02-01
mobile,VN_LEGACY63_77,2020-03-01
mobile,VN_LEGACY63_77,2020-04-01
mobile,VN_LEGACY63_77,2020-05-01
mobile,VN_LEGACY63_77,2020-06-01
mobile,VN_LEGACY63_77,2020-07-01
mobile,VN_LEGACY63_77,2020-08-01
mobile,VN_LEGACY63_77,2020-09-01
mobile,VN_LEGACY63_77,2020-10-01
mobile,VN_LEGACY63_77,2020-11-01
mobile,VN_LEGACY63_77,2020-12-01
mobile,VN_LEGACY63_80,2019-12-01
mobile,VN_LEGACY63_80,2020-01-01
mobile,VN_LEGACY63_80,2020-02-01
mobile,VN_LEGACY63_80,2020-03-01
mobile,VN_LEGACY63_80,2020-04-01
mobile,VN_LEGACY63_80,2020-05-01
mobile,VN_LEGACY63_80,2020-06-01
mobile,VN_LEGACY63_80,2020-07-01
mobile,VN_LEGACY63_80,2020-08-01
mobile,VN_LEGACY63_80,2020-09-01
mobile,VN_LEGACY63_80,2020-10-01
mobile,VN_LEGACY63_80,2020-11-01
mobile,VN_LEGACY63_80,2020-12-01
mobile,VN_LEGACY63_80,2021-01-01
mobile,VN_LEGACY63_82,2019-12-01
mobile,VN_LEGACY63_82,2020-01-01
mobile,VN_LEGACY63_82,2020-02-01
mobile,VN_LEGACY63_82,2020-03-01
mobile,VN_LEGACY63_82,2020-04-01
mobile,VN_LEGACY63_82,2020-05-01
mobile,VN_LEGACY63_82,2020-06-01
mobile,VN_LEGACY63_82,2020-07-01
mobile,VN_LEGACY63_82,2020-08-01
mobile,VN_LEGACY63_82,2020-09-01
mobile,VN_LEGACY63_82,2020-10-01
mobile,VN_LEGACY63_82,2020-11-01
mobile,VN_LEGACY63_82,2020-12-01
mobile,VN_LEGACY63_82,2021-01-01
mobile,VN_LEGACY63_82,2021-02-01
mobile,VN_LEGACY63_82,2021-03-01
mobile,VN_LEGACY63_83,2019-12-01
mobile,VN_LEGACY63_83,2020-01-01
mobile,VN_LEGACY63_83,2020-02-01
mobile,VN_LEGACY63_83,2020-03-01
mobile,VN_LEGACY63_83,2020-04-01
mobile,VN_LEGACY63_83,2020-05-01
mobile,VN_LEGACY63_83,2020-06-01
mobile,VN_LEGACY63_83,2020-07-01
mobile,VN_LEGACY63_83,2020-08-01
mobile,VN_LEGACY63_83,2020-09-01
mobile,VN_LEGACY63_83,2020-10-01
mobile,VN_LEGACY63_83,2020-11-01
mobile,VN_LEGACY63_83,2020-12-01
mobile,VN_LEGACY63_83,2021-01-01
mobile,VN_LEGACY63_83,2021-02-01
mobile,VN_LEGACY63_84,2019-12-01
mobile,VN_LEGACY63_84,2020-01-01
mobile,VN_LEGACY63_84,2020-02-01
mobile,VN_LEGACY63_84,2020-03-01
mobile,VN_LEGACY63_84,2020-04-01
mobile,VN_LEGACY63_84,2020-05-01
mobile,VN_LEGACY63_84,2020-06-01
mobile,VN_LEGACY63_84,2020-07-01
mobile,VN_LEGACY63_84,2020-08-01
mobile,VN_LEGACY63_84,2020-09-01
mobile,VN_LEGACY63_84,2020-10-01
mobile,VN_LEGACY63_84,2020-11-01
mobile,VN_LEGACY63_84,2020-12-01
mobile,VN_LEGACY63_84,2021-01-01
mobile,VN_LEGACY63_84,2021-02-01
mobile,VN_LEGACY63_84,2021-03-01
mobile,VN_LEGACY63_84,2021-04-01
mobile,VN_LEGACY63_84,2022-11-01
mobile,VN_LEGACY63_86,2019-12-01
mobile,VN_LEGACY63_86,2020-01-01
mobile,VN_LEGACY63_86,2020-02-01
mobile,VN_LEGACY63_86,2020-03-01
mobile,VN_LEGACY63_86,2020-04-01
mobile,VN_LEGACY63_86,2020-05-01
mobile,VN_LEGACY63_86,2020-06-01
mobile,VN_LEGACY63_86,2020-07-01
mobile,VN_LEGACY63_86,2020-08-01
mobile,VN_LEGACY63_86,2020-09-01
mobile,VN_LEGACY63_86,2020-10-01
mobile,VN_LEGACY63_86,2020-11-01
mobile,VN_LEGACY63_86,2020-12-01
mobile,VN_LEGACY63_86,2021-01-01
mobile,VN_LEGACY63_86,2021-02-01
mobile,VN_LEGACY63_86,2021-03-01
mobile,VN_LEGACY63_87,2019-12-01
mobile,VN_LEGACY63_87,2020-01-01
mobile,VN_LEGACY63_87,2020-02-01
mobile,VN_LEGACY63_87,2020-03-01
mobile,VN_LEGACY63_87,2020-04-01
mobile,VN_LEGACY63_87,2020-05-01
mobile,VN_LEGACY63_87,2020-06-01
mobile,VN_LEGACY63_87,2020-07-01
mobile,VN_LEGACY63_87,2020-08-01
mobile,VN_LEGACY63_87,2020-10-01
mobile,VN_LEGACY63_87,2020-11-01
mobile,VN_LEGACY63_87,2021-01-01
mobile,VN_LEGACY63_87,2021-02-01
mobile,VN_LEGACY63_89,2019-12-01
mobile,VN_LEGACY63_89,2020-01-01
mobile,VN_LEGACY63_89,2020-02-01
mobile,VN_LEGACY63_89,2020-03-01
mobile,VN_LEGACY63_89,2020-04-01
mobile,VN_LEGACY63_89,2020-05-01
mobile,VN_LEGACY63_89,2020-06-01
mobile,VN_LEGACY63_89,2020-07-01
mobile,VN_LEGACY63_89,2020-08-01
mobile,VN_LEGACY63_89,2020-09-01
mobile,VN_LEGACY63_89,2020-10-01
mobile,VN_LEGACY63_89,2020-11-01
mobile,VN_LEGACY63_89,2020-12-01
mobile,VN_LEGACY63_89,2021-01-01
mobile,VN_LEGACY63_89,2021-02-01
mobile,VN_LEGACY63_89,2021-03-01
mobile,VN_LEGACY63_91,2019-12-01
mobile,VN_LEGACY63_91,2020-01-01
mobile,VN_LEGACY63_91,2020-02-01
mobile,VN_LEGACY63_91,2020-03-01
mobile,VN_LEGACY63_91,2020-04-01
mobile,VN_LEGACY63_91,2020-05-01
mobile,VN_LEGACY63_91,2020-06-01
mobile,VN_LEGACY63_91,2020-07-01
mobile,VN_LEGACY63_91,2020-08-01
mobile,VN_LEGACY63_91,2020-09-01
mobile,VN_LEGACY63_91,2020-10-01
mobile,VN_LEGACY63_91,2020-11-01
mobile,VN_LEGACY63_91,2021-01-01
mobile,VN_LEGACY63_92,2019-12-01
mobile,VN_LEGACY63_92,2020-01-01
mobile,VN_LEGACY63_92,2020-02-01
mobile,VN_LEGACY63_92,2020-03-01
mobile,VN_LEGACY63_92,2020-04-01
mobile,VN_LEGACY63_92,2020-05-01
mobile,VN_LEGACY63_92,2020-06-01
mobile,VN_LEGACY63_92,2020-07-01
mobile,VN_LEGACY63_92,2020-08-01
mobile,VN_LEGACY63_92,2020-10-01
mobile,VN_LEGACY63_92,2020-11-01
mobile,VN_LEGACY63_92,2020-12-01
mobile,VN_LEGACY63_92,2021-01-01
mobile,VN_LEGACY63_93,2019-12-01
mobile,VN_LEGACY63_93,2020-01-01
mobile,VN_LEGACY63_93,2020-02-01
mobile,VN_LEGACY63_93,2020-03-01
mobile,VN_LEGACY63_93,2020-04-01
mobile,VN_LEGACY63_93,2020-05-01
mobile,VN_LEGACY63_93,2020-06-01
mobile,VN_LEGACY63_93,2020-07-01
mobile,VN_LEGACY63_93,2020-08-01
mobile,VN_LEGACY63_93,2020-09-01
mobile,VN_LEGACY63_93,2020-10-01
mobile,VN_LEGACY63_93,2020-11-01
mobile,VN_LEGACY63_93,2020-12-01
mobile,VN_LEGACY63_93,2021-01-01
mobile,VN_LEGACY63_93,2021-02-01
mobile,VN_LEGACY63_93,2021-03-01
mobile,VN_LEGACY63_93,2021-04-01
mobile,VN_LEGACY63_93,2024-03-01
mobile,VN_LEGACY63_93,2024-04-01
mobile,VN_LEGACY63_94,2019-12-01
mobile,VN_LEGACY63_94,2020-01-01
mobile,VN_LEGACY63_94,2020-02-01
mobile,VN_LEGACY63_94,2020-03-01
mobile,VN_LEGACY63_94,2020-04-01
mobile,VN_LEGACY63_94,2020-05-01
mobile,VN_LEGACY63_94,2020-06-01
mobile,VN_LEGACY63_94,2020-07-01
mobile,VN_LEGACY63_94,2020-08-01
mobile,VN_LEGACY63_94,2020-09-01
mobile,VN_LEGACY63_94,2020-10-01
mobile,VN_LEGACY63_94,2020-11-01
mobile,VN_LEGACY63_94,2020-12-01
mobile,VN_LEGACY63_94,2021-01-01
mobile,VN_LEGACY63_94,2021-02-01
mobile,VN_LEGACY63_94,2021-03-01
mobile,VN_LEGACY63_94,2021-04-01
mobile,VN_LEGACY63_95,2019-12-01
mobile,VN_LEGACY63_95,2020-01-01
mobile,VN_LEGACY63_95,2020-02-01
mobile,VN_LEGACY63_95,2020-03-01
mobile,VN_LEGACY63_95,2020-04-01
mobile,VN_LEGACY63_95,2020-05-01
mobile,VN_LEGACY63_95,2020-06-01
mobile,VN_LEGACY63_95,2020-07-01
mobile,VN_LEGACY63_95,2020-08-01
mobile,VN_LEGACY63_95,2020-09-01
mobile,VN_LEGACY63_95,2020-10-01
mobile,VN_LEGACY63_95,2020-11-01
mobile,VN_LEGACY63_95,2020-12-01
mobile,VN_LEGACY63_95,2021-01-01
mobile,VN_LEGACY63_95,2021-02-01
mobile,VN_LEGACY63_95,2021-03-01
mobile,VN_LEGACY63_96,2019-12-01
mobile,VN_LEGACY63_96,2020-01-01
mobile,VN_LEGACY63_96,2020-02-01
mobile,VN_LEGACY63_96,2020-03-01
mobile,VN_LEGACY63_96,2020-04-01
mobile,VN_LEGACY63_96,2020-05-01
mobile,VN_LEGACY63_96,2020-06-01
mobile,VN_LEGACY63_96,2020-07-01
mobile,VN_LEGACY63_96,2020-08-01
mobile,VN_LEGACY63_96,2020-09-01
mobile,VN_LEGACY63_96,2020-10-01
mobile,VN_LEGACY63_96,2020-11-01
mobile,VN_LEGACY63_96,2020-12-01
mobile,VN_LEGACY63_96,2021-01-01
mobile,VN_LEGACY63_96,2021-02-01
