province_id_legacy63,shapeISO,province_name_canonical,year,ftth_download_median_apr_dec_mbps,active_firms_per_1000,exposure_complete,outcome_complete,merge_status_connectivity,merge_status_nso
VN_LEGACY63_01,VN-HN,Ha Noi,2021,58.68,21.42558551637694,True,True,both,both
VN_LEGACY63_01,VN-HN,Ha Noi,2022,69.51,22.16864801914541,True,True,both,both
VN_LEGACY63_01,VN-HN,Ha Noi,2023,90.13,22.38211098742401,True,True,both,both
VN_LEGACY63_01,VN-HN,Ha Noi,2024,97.81,22.57907426743093,True,True,both,both
VN_LEGACY63_02,VN-03,Ha Giang,2021,50.85,1.406853450511,True,True,both,both
VN_LEGACY63_02,VN-03,Ha Giang,2022,58.27,1.42597423836957,True,True,both,both
VN_LEGACY63_02,VN-03,Ha Giang,2023,91.51,1.6,True,True,both,both
VN_LEGACY63_02,VN-03,Ha Giang,2024,88.87,1.6,True,True,both,both
VN_LEGACY63_04,VN-04,Cao Bang,2021,45.93,2.1799390281013,True,True,both,both
VN_LEGACY63_04,VN-04,Cao Bang,2022,49.42,2.25024491208945,True,True,both,both
VN_LEGACY63_04,VN-04,Cao Bang,2023,67.63,2.3,True,True,both,both
VN_LEGACY63_04,VN-04,Cao Bang,2024,70.38,2.2,True,True,both,both
VN_LEGACY63_06,VN-53,Bac Kan,2021,39.8,2.02340452992547,True,True,both,both
VN_LEGACY63_06,VN-53,Bac Kan,2022,42.14,2.18280700348078,True,True,both,both
VN_LEGACY63_06,VN-53,Bac Kan,2023,71.38,2.3,True,True,both,both
VN_LEGACY63_06,VN-53,Bac Kan,2024,77.17,2.3,True,True,both,both
VN_LEGACY63_08,VN-07,Tuyen Quang,2021,51.34,1.98336468463254,True,True,both,both
VN_LEGACY63_08,VN-07,Tuyen Quang,2022,68.77,2.1780084439712,True,True,both,both
VN_LEGACY63_08,VN-07,Tuyen Quang,2023,89.63,2.3,True,True,both,both
VN_LEGACY63_08,VN-07,Tuyen Quang,2024,91.45,2.3,True,True,both,both
VN_LEGACY63_10,VN-02,Lao Cai,2021,47.45,4.00582761291,True,True,both,both
VN_LEGACY63_10,VN-02,Lao Cai,2022,54.67,4.19159889383316,True,True,both,both
VN_LEGACY63_10,VN-02,Lao Cai,2023,86.46,4.6,True,True,both,both
VN_LEGACY63_10,VN-02,Lao Cai,2024,85.8,4.7,True,True,both,both
VN_LEGACY63_11,VN-71,Dien Bien,2021,42.33,1.72135487906522,True,True,both,both
VN_LEGACY63_11,VN-71,Dien Bien,2022,87.9,1.74925826086819,True,True,both,both
VN_LEGACY63_11,VN-71,Dien Bien,2023,96.02,1.77968436137187,True,True,both,both
VN_LEGACY63_11,VN-71,Dien Bien,2024,90.23,1.76182210640954,True,True,both,both
VN_LEGACY63_12,VN-01,Lai Chau,2021,47.13,2.27828522458876,True,True,both,both
VN_LEGACY63_12,VN-01,Lai Chau,2022,84.55,2.51402210348146,True,True,both,both
VN_LEGACY63_12,VN-01,Lai Chau,2023,131.68,2.55680773051124,True,True,both,both
VN_LEGACY63_12,VN-01,Lai Chau,2024,58.22,2.60356872053817,True,True,both,both
VN_LEGACY63_14,VN-05,Son La,2021,44.74,1.61836732655665,True,True,both,both
VN_LEGACY63_14,VN-05,Son La,2022,49.15,1.63984232285357,True,True,both,both
VN_LEGACY63_14,VN-05,Son La,2023,94.34,1.66674407750017,True,True,both,both
VN_LEGACY63_14,VN-05,Son La,2024,55.48,1.71053224909438,True,True,both,both
VN_LEGACY63_15,VN-06,Yen Bai,2021,47.46,2.23930810482383,True,True,both,both
VN_LEGACY63_15,VN-06,Yen Bai,2022,49.15,2.38419819532721,True,True,both,both
VN_LEGACY63_15,VN-06,Yen Bai,2023,70.97,2.55981971388463,True,True,both,both
VN_LEGACY63_15,VN-06,Yen Bai,2024,86.14,2.65970491747153,True,True,both,both
VN_LEGACY63_17,VN-14,Hoa Binh,2021,50.11,3.05027866981439,True,True,both,both
VN_LEGACY63_17,VN-14,Hoa Binh,2022,77.05,3.30371187794087,True,True,both,both
VN_LEGACY63_17,VN-14,Hoa Binh,2023,90.13,3.37545458468961,True,True,both,both
VN_LEGACY63_17,VN-14,Hoa Binh,2024,83.21,3.48909225468473,True,True,both,both
VN_LEGACY63_19,VN-69,Thai Nguyen,2021,49.53,3.90507501039187,True,True,both,both
VN_LEGACY63_19,VN-69,Thai Nguyen,2022,50.72,4.06965037833452,True,True,both,both
VN_LEGACY63_19,VN-69,Thai Nguyen,2023,87.71,4.25372775105621,True,True,both,both
VN_LEGACY63_19,VN-69,Thai Nguyen,2024,76.48,4.45576262775167,True,True,both,both
VN_LEGACY63_20,VN-09,Lang Son,2021,41.98,2.78565862631895,True,True,both,both
VN_LEGACY63_20,VN-09,Lang Son,2022,44.41,2.92610554925258,True,True,both,both
VN_LEGACY63_20,VN-09,Lang Son,2023,75.19,3.39148907179973,True,True,both,both
VN_LEGACY63_20,VN-09,Lang Son,2024,82.4,3.43983724655771,True,True,both,both
VN_LEGACY63_22,VN-13,Quang Ninh,2021,51.61,7.00891719802103,True,True,both,both
VN_LEGACY63_22,VN-13,Quang Ninh,2022,51.28,7.26992037426736,True,True,both,both
VN_LEGACY63_22,VN-13,Quang Ninh,2023,76.45,7.44877339235589,True,True,both,both
VN_LEGACY63_22,VN-13,Quang Ninh,2024,91.21,7.70627263768659,True,True,both,both
VN_LEGACY63_24,VN-54,Bac Giang,2021,47.17,3.79525096357123,True,True,both,both
VN_LEGACY63_24,VN-54,Bac Giang,2022,61.09,4.17837830691328,True,True,both,both
VN_LEGACY63_24,VN-54,Bac Giang,2023,84.09,4.52999365488834,True,True,both,both
VN_LEGACY63_24,VN-54,Bac Giang,2024,84.7,4.82167626432704,True,True,both,both
VN_LEGACY63_25,VN-68,Phu Tho,2021,50.01,3.70604010999449,True,True,both,both
VN_LEGACY63_25,VN-68,Phu Tho,2022,57.65,4.02328137061851,True,True,both,both
VN_LEGACY63_25,VN-68,Phu Tho,2023,83.35,4.27802386521971,True,True,both,both
VN_LEGACY63_25,VN-68,Phu Tho,2024,85.94,4.43752392512626,True,True,both,both
VN_LEGACY63_26,VN-70,Vinh Phuc,2021,48.07,6.98282159144254,True,True,both,both
VN_LEGACY63_26,VN-70,Vinh Phuc,2022,61.33,7.5984288787057,True,True,both,both
VN_LEGACY63_26,VN-70,Vinh Phuc,2023,81.7,8.07118692759955,True,True,both,both
VN_LEGACY63_26,VN-70,Vinh Phuc,2024,93.18,8.35720523304687,True,True,both,both
VN_LEGACY63_27,VN-56,Bac Ninh,2021,53.02,9.53145880398785,True,True,both,both
VN_LEGACY63_27,VN-56,Bac Ninh,2022,60.26,10.00772719637158,True,True,both,both
VN_LEGACY63_27,VN-56,Bac Ninh,2023,89.51,10.88543145993815,True,True,both,both
VN_LEGACY63_27,VN-56,Bac Ninh,2024,92.46,11.71607807904884,True,True,both,both
VN_LEGACY63_30,VN-61,Hai Duong,2021,50.11,5.22827896890449,True,True,both,both
VN_LEGACY63_30,VN-61,Hai Duong,2022,55.0,5.44734490091534,True,True,both,both
VN_LEGACY63_30,VN-61,Hai Duong,2023,79.21,5.73563739978987,True,True,both,both
VN_LEGACY63_30,VN-61,Hai Duong,2024,89.67,6.04125799826298,True,True,both,both
VN_LEGACY63_31,VN-HP,Hai Phong,2021,51.2,9.55709077153028,True,True,both,both
VN_LEGACY63_31,VN-HP,Hai Phong,2022,52.24,9.9280563135829,True,True,both,both
VN_LEGACY63_31,VN-HP,Hai Phong,2023,81.3,9.99370079039404,True,True,both,both
VN_LEGACY63_31,VN-HP,Hai Phong,2024,92.66,10.49742535846733,True,True,both,both
VN_LEGACY63_33,VN-66,Hung Yen,2021,52.3,6.48008034448491,True,True,both,both
VN_LEGACY63_33,VN-66,Hung Yen,2022,53.11,6.94734950249912,True,True,both,both
VN_LEGACY63_33,VN-66,Hung Yen,2023,85.27,7.4972290843911,True,True,both,both
VN_LEGACY63_33,VN-66,Hung Yen,2024,91.14,8.23103652337526,True,True,both,both
VN_LEGACY63_34,VN-20,Thai Binh,2021,48.23,2.92493233992719,True,True,both,both
VN_LEGACY63_34,VN-20,Thai Binh,2022,65.4,3.15830715162536,True,True,both,both
VN_LEGACY63_34,VN-20,Thai Binh,2023,91.43,3.43987653632324,True,True,both,both
VN_LEGACY63_34,VN-20,Thai Binh,2024,90.64,3.67281451490894,True,True,both,both
VN_LEGACY63_35,VN-63,Ha Nam,2021,44.01,5.48436071404222,True,True,both,both
VN_LEGACY63_35,VN-63,Ha Nam,2022,44.79,5.86297850241216,True,True,both,both
VN_LEGACY63_35,VN-63,Ha Nam,2023,72.14,6.12136166715957,True,True,both,both
VN_LEGACY63_35,VN-63,Ha Nam,2024,88.82,6.50626527177468,True,True,both,both
VN_LEGACY63_36,VN-67,Nam Dinh,2021,49.18,3.51528208300749,True,True,both,both
VN_LEGACY63_36,VN-67,Nam Dinh,2022,61.29,3.64865887277327,True,True,both,both
VN_LEGACY63_36,VN-67,Nam Dinh,2023,92.84,3.77192717499188,True,True,both,both
VN_LEGACY63_36,VN-67,Nam Dinh,2024,86.54,3.94308110425276,True,True,both,both
VN_LEGACY63_37,VN-18,Ninh Binh,2021,49.39,4.70935231963188,True,True,both,both
VN_LEGACY63_37,VN-18,Ninh Binh,2022,67.65,5.10709363631597,True,True,both,both
VN_LEGACY63_37,VN-18,Ninh Binh,2023,89.6,5.48617003391004,True,True,both,both
VN_LEGACY63_37,VN-18,Ninh Binh,2024,82.72,5.67676138288198,True,True,both,both
VN_LEGACY63_38,VN-21,Thanh Hoa,2021,45.51,3.79073669663451,True,True,both,both
VN_LEGACY63_38,VN-21,Thanh Hoa,2022,62.13,4.16274970386015,True,True,both,both
VN_LEGACY63_38,VN-21,Thanh Hoa,2023,81.17,4.4,True,True,both,both
VN_LEGACY63_38,VN-21,Thanh Hoa,2024,77.42,4.5,True,True,both,both
VN_LEGACY63_40,VN-22,Nghe An,2021,44.46,3.64066992549736,True,True,both,both
VN_LEGACY63_40,VN-22,Nghe An,2022,41.2,3.8496263486057,True,True,both,both
VN_LEGACY63_40,VN-22,Nghe An,2023,63.03,4.0,True,True,both,both
VN_LEGACY63_40,VN-22,Nghe An,2024,74.21,4.1,True,True,both,both
VN_LEGACY63_42,VN-23,Ha Tinh,2021,43.96,3.95645270265908,True,True,both,both
VN_LEGACY63_42,VN-23,Ha Tinh,2022,47.36,4.217865347154,True,True,both,both
VN_LEGACY63_42,VN-23,Ha Tinh,2023,73.96,4.4,True,True,both,both
VN_LEGACY63_42,VN-23,Ha Tinh,2024,81.82,4.5,True,True,both,both
VN_LEGACY63_44,VN-24,Quang Binh,2021,41.15,5.19845605635504,True,True,both,both
VN_LEGACY63_44,VN-24,Quang Binh,2022,55.21,5.50301905539348,True,True,both,both
VN_LEGACY63_44,VN-24,Quang Binh,2023,95.56,5.6,True,True,both,both
VN_LEGACY63_44,VN-24,Quang Binh,2024,83.41,5.6,True,True,both,both
VN_LEGACY63_45,VN-25,Quang Tri,2021,41.13,4.72220923696525,True,True,both,both
VN_LEGACY63_45,VN-25,Quang Tri,2022,48.15,5.03764768172779,True,True,both,both
VN_LEGACY63_45,VN-25,Quang Tri,2023,77.06,5.1,True,True,both,both
VN_LEGACY63_45,VN-25,Quang Tri,2024,88.96,5.1,True,True,both,both
VN_LEGACY63_46,VN-26,Thua Thien - Hue,2021,49.46,4.12811634649136,True,True,both,both
VN_LEGACY63_46,VN-26,Thua Thien - Hue,2022,49.14,4.42673138980059,True,True,both,both
VN_LEGACY63_46,VN-26,Thua Thien - Hue,2023,83.35,4.5,True,True,both,both
VN_LEGACY63_46,VN-26,Thua Thien - Hue,2024,92.18,4.6,True,True,both,both
VN_LEGACY63_48,VN-DN,Da Nang,2021,53.9,20.66352819936294,True,True,both,both
VN_LEGACY63_48,VN-DN,Da Nang,2022,65.43,20.83205279190813,True,True,both,both
VN_LEGACY63_48,VN-DN,Da Nang,2023,91.65,20.7,True,True,both,both
VN_LEGACY63_48,VN-DN,Da Nang,2024,99.22,19.9,True,True,both,both
VN_LEGACY63_49,VN-27,Quang Nam,2021,45.9,5.20587490152221,True,True,both,both
VN_LEGACY63_49,VN-27,Quang Nam,2022,55.13,5.43444995034162,True,True,both,both
VN_LEGACY63_49,VN-27,Quang Nam,2023,81.03,5.5,True,True,both,both
VN_LEGACY63_49,VN-27,Quang Nam,2024,94.18,5.5,True,True,both,both
VN_LEGACY63_51,VN-29,Quang Ngai,2021,45.4,4.35243312463161,True,True,both,both
VN_LEGACY63_51,VN-29,Quang Ngai,2022,59.09,4.44988917423769,True,True,both,both
VN_LEGACY63_51,VN-29,Quang Ngai,2023,98.88,4.6,True,True,both,both
VN_LEGACY63_51,VN-29,Quang Ngai,2024,93.47,4.5,True,True,both,both
VN_LEGACY63_52,VN-31,Binh Dinh,2021,45.01,4.67937217649812,True,True,both,both
VN_LEGACY63_52,VN-31,Binh Dinh,2022,52.2,5.14862542669773,True,True,both,both
VN_LEGACY63_52,VN-31,Binh Dinh,2023,83.51,5.4,True,True,both,both
VN_LEGACY63_52,VN-31,Binh Dinh,2024,84.05,5.5,True,True,both,both
VN_LEGACY63_54,VN-38,Phu Yen,2021,45.31,3.5269863569132,True,True,both,both
VN_LEGACY63_54,VN-38,Phu Yen,2022,46.49,3.76902622461982,True,True,both,both
VN_LEGACY63_54,VN-38,Phu Yen,2023,71.0,3.9,True,True,both,both
VN_LEGACY63_54,VN-38,Phu Yen,2024,80.88,3.9,True,True,both,both
VN_LEGACY63_56,VN-34,Khanh Hoa,2021,48.95,8.92904358918067,True,True,both,both
VN_LEGACY63_56,VN-34,Khanh Hoa,2022,62.44,8.93004532009962,True,True,both,both
VN_LEGACY63_56,VN-34,Khanh Hoa,2023,91.17,9.1,True,True,both,both
VN_LEGACY63_56,VN-34,Khanh Hoa,2024,89.38,9.0,True,True,both,both
VN_LEGACY63_58,VN-36,Ninh Thuan,2021,46.58,4.71941354810857,True,True,both,both
VN_LEGACY63_58,VN-36,Ninh Thuan,2022,78.62,4.97926281521273,True,True,both,both
VN_LEGACY63_58,VN-36,Ninh Thuan,2023,108.12,5.2,True,True,both,both
VN_LEGACY63_58,VN-36,Ninh Thuan,2024,91.18,5.2,True,True,both,both
VN_LEGACY63_60,VN-40,Binh Thuan,2021,47.43,4.38575953382715,True,True,both,both
VN_LEGACY63_60,VN-40,Binh Thuan,2022,61.21,4.64036752349735,True,True,both,both
VN_LEGACY63_60,VN-40,Binh Thuan,2023,89.07,4.7,True,True,both,both
VN_LEGACY63_60,VN-40,Binh Thuan,2024,92.26,4.7,True,True,both,both
VN_LEGACY63_62,VN-28,Kon Tum,2021,48.34,3.46707075916818,True,True,both,both
VN_LEGACY63_62,VN-28,Kon Tum,2022,49.72,3.53673130843539,True,True,both,both
VN_LEGACY63_62,VN-28,Kon Tum,2023,74.96,3.6,True,True,both,both
VN_LEGACY63_62,VN-28,Kon Tum,2024,76.45,3.6,True,True,both,both
VN_LEGACY63_64,VN-30,Gia Lai,2021,51.09,3.08143925581134,True,True,both,both
VN_LEGACY63_64,VN-30,Gia Lai,2022,71.79,3.2923083305206,True,True,both,both
VN_LEGACY63_64,VN-30,Gia Lai,2023,93.6,3.4,True,True,both,both
VN_LEGACY63_64,VN-30,Gia Lai,2024,95.5,3.4,True,True,both,both
VN_LEGACY63_66,VN-33,Dak Lak,2021,48.96,3.7124158872089,True,True,both,both
VN_LEGACY63_66,VN-33,Dak Lak,2022,49.31,3.84322678843227,True,True,both,both
VN_LEGACY63_66,VN-33,Dak Lak,2023,81.39,4.0,True,True,both,both
VN_LEGACY63_66,VN-33,Dak Lak,2024,91.3,4.2,True,True,both,both
VN_LEGACY63_67,VN-72,Dak Nong,2021,46.85,3.5534942835216,True,True,both,both
VN_LEGACY63_67,VN-72,Dak Nong,2022,49.61,3.8266637636118,True,True,both,both
VN_LEGACY63_67,VN-72,Dak Nong,2023,76.64,3.9,True,True,both,both
VN_LEGACY63_67,VN-72,Dak Nong,2024,72.04,4.0,True,True,both,both
VN_LEGACY63_68,VN-35,Lam Dong,2021,51.36,5.58313077462535,True,True,both,both
VN_LEGACY63_68,VN-35,Lam Dong,2022,56.59,5.76796654789529,True,True,both,both
VN_LEGACY63_68,VN-35,Lam Dong,2023,86.53,6.1,True,True,both,both
VN_LEGACY63_68,VN-35,Lam Dong,2024,90.23,6.0,True,True,both,both
VN_LEGACY63_70,VN-58,Binh Phuoc,2021,48.79,6.06862347881693,True,True,both,both
VN_LEGACY63_70,VN-58,Binh Phuoc,2022,53.88,6.39336134234493,True,True,both,both
VN_LEGACY63_70,VN-58,Binh Phuoc,2023,86.63,6.7,True,True,both,both
VN_LEGACY63_70,VN-58,Binh Phuoc,2024,98.82,6.7,True,True,both,both
VN_LEGACY63_72,VN-37,Tay Ninh,2021,53.28,3.85817158202803,True,True,both,both
VN_LEGACY63_72,VN-37,Tay Ninh,2022,75.32,4.14718554996055,True,True,both,both
VN_LEGACY63_72,VN-37,Tay Ninh,2023,98.61,4.3,True,True,both,both
VN_LEGACY63_72,VN-37,Tay Ninh,2024,97.68,4.4,True,True,both,both
VN_LEGACY63_74,VN-57,Binh Duong,2021,54.48,14.50562907595354,True,True,both,both
VN_LEGACY63_74,VN-57,Binh Duong,2022,65.7,14.74273322514661,True,True,both,both
VN_LEGACY63_74,VN-57,Binh Duong,2023,96.16,15.3,True,True,both,both
VN_LEGACY63_74,VN-57,Binh Duong,2024,101.22,15.8,True,True,both,both
VN_LEGACY63_75,VN-39,Dong Nai,2021,51.83,7.90602261901869,True,True,both,both
VN_LEGACY63_75,VN-39,Dong Nai,2022,77.3,7.93874082178115,True,True,both,both
VN_LEGACY63_75,VN-39,Dong Nai,2023,97.37,8.0,True,True,both,both
VN_LEGACY63_75,VN-39,Dong Nai,2024,108.01,8.2,True,True,both,both
VN_LEGACY63_77,VN-43,Ba Ria - Vung Tau,2021,49.3,9.68727440928713,True,True,both,both
VN_LEGACY63_77,VN-43,Ba Ria - Vung Tau,2022,58.57,10.12475661642749,True,True,both,both
VN_LEGACY63_77,VN-43,Ba Ria - Vung Tau,2023,89.33,10.4,True,True,both,both
VN_LEGACY63_77,VN-43,Ba Ria - Vung Tau,2024,99.83,10.5,True,True,both,both
VN_LEGACY63_79,VN-SG,TP. Ho Chi Minh,2021,58.16,29.28653576450852,True,True,both,both
VN_LEGACY63_79,VN-SG,TP. Ho Chi Minh,2022,74.93,29.18799363175695,True,True,both,both
VN_LEGACY63_79,VN-SG,TP. Ho Chi Minh,2023,95.97,28.9,True,True,both,both
VN_LEGACY63_79,VN-SG,TP. Ho Chi Minh,2024,105.13,28.3,True,True,both,both
VN_LEGACY63_80,VN-41,Long An,2021,47.73,6.42502474084527,True,True,both,both
VN_LEGACY63_80,VN-41,Long An,2022,68.07,6.62703782998964,True,True,both,both
VN_LEGACY63_80,VN-41,Long An,2023,89.69,7.0,True,True,both,both
VN_LEGACY63_80,VN-41,Long An,2024,92.83,7.7,True,True,both,both
VN_LEGACY63_82,VN-46,Tien Giang,2021,47.64,2.84362959532791,True,True,both,both
VN_LEGACY63_82,VN-46,Tien Giang,2022,58.32,3.09762966913058,True,True,both,both
VN_LEGACY63_82,VN-46,Tien Giang,2023,95.23,3.3,True,True,both,both
VN_LEGACY63_82,VN-46,Tien Giang,2024,97.15,3.4,True,True,both,both
VN_LEGACY63_83,VN-50,Ben Tre,2021,47.08,2.68039409058263,True,True,both,both
VN_LEGACY63_83,VN-50,Ben Tre,2022,61.52,2.75191331935292,True,True,both,both
VN_LEGACY63_83,VN-50,Ben Tre,2023,99.31,3.0,True,True,both,both
VN_LEGACY63_83,VN-50,Ben Tre,2024,93.4,3.0,True,True,both,both
VN_LEGACY63_84,VN-51,Tra Vinh,2021,45.63,2.39143579701023,True,True,both,both
VN_LEGACY63_84,VN-51,Tra Vinh,2022,52.45,2.57736510284933,True,True,both,both
VN_LEGACY63_84,VN-51,Tra Vinh,2023,85.8,2.7,True,True,both,both
VN_LEGACY63_84,VN-51,Tra Vinh,2024,89.65,2.7,True,True,both,both
VN_LEGACY63_86,VN-49,Vinh Long,2021,47.05,2.71327434488321,True,True,both,both
VN_LEGACY63_86,VN-49,Vinh Long,2022,56.41,2.79640209871095,True,True,both,both
VN_LEGACY63_86,VN-49,Vinh Long,2023,81.65,3.0,True,True,both,both
VN_LEGACY63_86,VN-49,Vinh Long,2024,94.54,3.0,True,True,both,both
VN_LEGACY63_87,VN-45,Dong Thap,2021,45.78,2.32123029577108,True,True,both,both
VN_LEGACY63_87,VN-45,Dong Thap,2022,52.58,2.49036039920758,True,True,both,both
VN_LEGACY63_87,VN-45,Dong Thap,2023,87.35,2.6,True,True,both,both
VN_LEGACY63_87,VN-45,Dong Thap,2024,90.65,2.7,True,True,both,both
VN_LEGACY63_89,VN-44,An Giang,2021,47.82,2.54306611238718,True,True,both,both
VN_LEGACY63_89,VN-44,An Giang,2022,57.67,2.65439912338705,True,True,both,both
VN_LEGACY63_89,VN-44,An Giang,2023,92.45,2.7,True,True,both,both
VN_LEGACY63_89,VN-44,An Giang,2024,99.64,2.8,True,True,both,both
VN_LEGACY63_91,VN-47,Kien Giang,2021,48.4,4.60589127220412,True,True,both,both
VN_LEGACY63_91,VN-47,Kien Giang,2022,62.15,4.93047555655519,True,True,both,both
VN_LEGACY63_91,VN-47,Kien Giang,2023,89.02,5.0,True,True,both,both
VN_LEGACY63_91,VN-47,Kien Giang,2024,97.49,4.9,True,True,both,both
VN_LEGACY63_92,VN-CT,Can Tho,2021,49.27,7.71616145818344,True,True,both,both
VN_LEGACY63_92,VN-CT,Can Tho,2022,66.29,8.03291098001514,True,True,both,both
VN_LEGACY63_92,VN-CT,Can Tho,2023,94.9,8.3,True,True,both,both
VN_LEGACY63_92,VN-CT,Can Tho,2024,99.36,8.5,True,True,both,both
VN_LEGACY63_93,VN-73,Hau Giang,2021,44.35,3.2183003836055,True,True,both,both
VN_LEGACY63_93,VN-73,Hau Giang,2022,62.4,3.47102747622579,True,True,both,both
VN_LEGACY63_93,VN-73,Hau Giang,2023,96.93,3.7,True,True,both,both
VN_LEGACY63_93,VN-73,Hau Giang,2024,98.65,4.0,True,True,both,both
VN_LEGACY63_94,VN-52,Soc Trang,2021,49.01,2.33092158675357,True,True,both,both
VN_LEGACY63_94,VN-52,Soc Trang,2022,67.25,2.41688463153571,True,True,both,both
VN_LEGACY63_94,VN-52,Soc Trang,2023,98.6,2.4,True,True,both,both
VN_LEGACY63_94,VN-52,Soc Trang,2024,97.1,2.5,True,True,both,both
VN_LEGACY63_95,VN-55,Bac Lieu,2021,49.42,2.38865118507147,True,True,both,both
VN_LEGACY63_95,VN-55,Bac Lieu,2022,67.18,2.36708472145531,True,True,both,both
VN_LEGACY63_95,VN-55,Bac Lieu,2023,97.3,2.5,True,True,both,both
VN_LEGACY63_95,VN-55,Bac Lieu,2024,98.68,2.5,True,True,both,both
VN_LEGACY63_96,VN-59,Ca Mau,2021,46.71,3.02708942305741,True,True,both,both
VN_LEGACY63_96,VN-59,Ca Mau,2022,57.44,3.1814459265982,True,True,both,both
VN_LEGACY63_96,VN-59,Ca Mau,2023,90.28,3.2,True,True,both,both
VN_LEGACY63_96,VN-59,Ca Mau,2024,97.33,3.1,True,True,both,both
