province_id_legacy63,shapeISO,year,ookla_tile_median_download_mbps,ookla_tile_mean_download_mbps,ookla_tests_weighted_mean_download_mbps,ookla_devices_weighted_mean_download_mbps
VN_LEGACY63_01,VN-HN,2021,49.441,52.38246322671025,61.25238236372973,60.605956952117864
VN_LEGACY63_01,VN-HN,2022,64.30600000000001,69.22462455516013,80.24982970837739,79.38546987201207
VN_LEGACY63_01,VN-HN,2023,92.8905,99.34213395365167,114.63720318760916,113.15943374541975
VN_LEGACY63_01,VN-HN,2024,115.848,122.17417210682494,147.86966200316988,145.28024157499317
VN_LEGACY63_02,VN-03,2021,41.569,46.942139751552794,48.68173456790123,47.618381270903015
VN_LEGACY63_02,VN-03,2022,47.251,63.73696525821598,62.50126724774708,64.97662236192188
VN_LEGACY63_02,VN-03,2023,61.4955,81.04880151843817,86.06179704664146,84.63220966894377
VN_LEGACY63_02,VN-03,2024,80.5235,94.07899904580152,97.40691880882146,97.05653027681662
VN_LEGACY63_04,VN-04,2021,48.4645,53.18217500000001,53.33206756189677,53.062639851485145
VN_LEGACY63_04,VN-04,2022,48.541,63.231872454448016,63.81581469849247,64.08882913907284
VN_LEGACY63_04,VN-04,2023,59.569,80.04219469928644,88.91784296565389,86.12997723048328
VN_LEGACY63_04,VN-04,2024,76.32050000000001,92.04448369565216,110.04830730027547,97.36851790981879
VN_LEGACY63_06,VN-53,2021,41.943,45.85528417266187,48.018349620893005,46.06502807775378
VN_LEGACY63_06,VN-53,2022,44.669,55.77969085631349,63.49817848643504,59.623993016759776
VN_LEGACY63_06,VN-53,2023,62.0055,83.6098599439776,86.43035694822888,84.45195952023988
VN_LEGACY63_06,VN-53,2024,82.22049999999999,100.36045978552278,106.25432401919278,103.36594385216773
VN_LEGACY63_08,VN-07,2021,47.849,55.63708319999999,61.83324685262898,55.26666044444445
VN_LEGACY63_08,VN-07,2022,51.4165,70.31358540925268,67.38113957954316,69.35796067415731
VN_LEGACY63_08,VN-07,2023,71.628,91.33497374024131,93.6778555089592,92.485851010101
VN_LEGACY63_08,VN-07,2024,80.5625,95.80691254315305,105.65365532048597,102.27566536530955
VN_LEGACY63_10,VN-02,2021,45.915,53.28067346938776,54.00983882493052,54.420703212290505
VN_LEGACY63_10,VN-02,2022,49.089,58.90879358196011,64.95026432792423,62.50433142693738
VN_LEGACY63_10,VN-02,2023,68.4295,89.67470128676472,94.25160321412403,92.73628991473097
VN_LEGACY63_10,VN-02,2024,80.019,94.9215058419244,103.05941578989002,100.22737106496984
VN_LEGACY63_11,VN-71,2021,44.653999999999996,51.56874537037037,60.4798856364874,53.78881935483871
VN_LEGACY63_11,VN-71,2022,43.296,53.955348942598185,59.57017329233473,58.603465569774535
VN_LEGACY63_11,VN-71,2023,62.122,84.44317403708988,86.64901761942052,86.44226511912035
VN_LEGACY63_11,VN-71,2024,79.951,97.4073352601156,104.24253862068964,99.47961487519103
VN_LEGACY63_12,VN-01,2021,49.293499999999995,54.550421487603295,55.80653393981805,54.041922772277225
VN_LEGACY63_12,VN-01,2022,48.275,60.3822256097561,62.32995308641975,62.59946095717884
VN_LEGACY63_12,VN-01,2023,58.936499999999995,78.44402953586498,91.29397724597881,82.91023130608176
VN_LEGACY63_12,VN-01,2024,83.205,98.30346921443737,107.92938162118779,103.58284592737978
VN_LEGACY63_14,VN-05,2021,45.313,49.359338103756706,55.28008993255059,51.735258669165894
VN_LEGACY63_14,VN-05,2022,41.763,54.250747381392486,60.209997037037034,59.678079588521925
VN_LEGACY63_14,VN-05,2023,52.991,76.55645714285714,90.49605314698613,86.58663251670379
VN_LEGACY63_14,VN-05,2024,72.4145,94.04401034063261,103.07647530634979,99.1416202710333
VN_LEGACY63_15,VN-06,2021,45.097,50.10539616055846,49.221340465365074,50.20552169811321
VN_LEGACY63_15,VN-06,2022,45.712,55.20395234708393,61.657743803651314,59.13769740828003
VN_LEGACY63_15,VN-06,2023,60.171,79.86034678044996,87.21927495932553,85.64724074074074
VN_LEGACY63_15,VN-06,2024,74.112,95.32853293768545,102.45878762647554,99.89451149266131
VN_LEGACY63_17,VN-14,2021,45.924,49.58735264900662,52.85980504243635,49.72692021276596
VN_LEGACY63_17,VN-14,2022,48.781,61.39423625254583,66.45529481641469,64.3931733615222
VN_LEGACY63_17,VN-14,2023,57.421,77.5706923076923,89.1346069663734,81.46967615411315
VN_LEGACY63_17,VN-14,2024,80.308,96.49839000693962,103.93593365041617,100.75506143871564
VN_LEGACY63_19,VN-69,2021,43.781000000000006,48.13376677577742,51.991017757696746,51.06891450690003
VN_LEGACY63_19,VN-69,2022,45.676,53.214777730736664,62.46032134214444,59.48440537730244
VN_LEGACY63_19,VN-69,2023,64.3895,81.14082724505327,97.86452117567339,91.82130165759838
VN_LEGACY63_19,VN-69,2024,78.001,94.74907734403503,109.44153527402963,104.13397666748106
VN_LEGACY63_20,VN-09,2021,42.501,48.481300225733634,51.18522386185243,50.03784923076923
VN_LEGACY63_20,VN-09,2022,47.553,60.46492186201163,63.047013125613354,64.36041805555556
VN_LEGACY63_20,VN-09,2023,67.072,88.19557997010463,97.0583722550177,92.24762981917435
VN_LEGACY63_20,VN-09,2024,84.26050000000001,98.72978746594006,108.70484043416515,105.62361716461628
VN_LEGACY63_22,VN-13,2021,49.0565,53.003996279761914,55.793239799487054,55.158616759088105
VN_LEGACY63_22,VN-13,2022,54.659,64.20094436586515,65.85448050036791,65.7358159093111
VN_LEGACY63_22,VN-13,2023,74.05,89.48571003530004,94.27554879331998,91.11264264750531
VN_LEGACY63_22,VN-13,2024,93.113,108.6178730941704,121.51462119712441,117.80047703793733
VN_LEGACY63_24,VN-54,2021,43.47,50.00306426229509,52.89164703979295,50.92551421636615
VN_LEGACY63_24,VN-54,2022,50.712,62.842240456769986,68.79845588109312,66.32383037300177
VN_LEGACY63_24,VN-54,2023,68.902,85.29983461409955,93.08498195488721,89.85987102996013
VN_LEGACY63_24,VN-54,2024,81.779,95.96410322580645,106.23365524065865,101.91402327735959
VN_LEGACY63_25,VN-68,2021,44.933,49.61937178545187,50.759117854444725,50.39439657794677
VN_LEGACY63_25,VN-68,2022,48.4825,57.54792158730158,61.16837075148113,58.88616383029722
VN_LEGACY63_25,VN-68,2023,65.624,80.20053885853065,87.44612284013954,83.73393811146532
VN_LEGACY63_25,VN-68,2024,82.62049999999999,96.28097381095726,100.94855424644085,97.66861413893231
VN_LEGACY63_26,VN-70,2021,44.303,50.00919611848825,50.49199301082637,49.52783164673413
VN_LEGACY63_26,VN-70,2022,49.698,57.80313431916204,63.48605171411971,62.45836837440171
VN_LEGACY63_26,VN-70,2023,67.474,80.43102801600914,88.09063952813769,85.3970780206436
VN_LEGACY63_26,VN-70,2024,87.982,97.34656039713181,103.90674228122796,100.92814789706696
VN_LEGACY63_27,VN-56,2021,45.478,50.06437752161383,53.69446352025836,50.92883045977011
VN_LEGACY63_27,VN-56,2022,56.048,64.10908800567778,67.16712462359116,66.05114022958517
VN_LEGACY63_27,VN-56,2023,80.0495,89.32583513513514,95.30617314672755,92.5146330786953
VN_LEGACY63_27,VN-56,2024,88.022,97.99526592252134,104.03652710394621,101.6682005851375
VN_LEGACY63_30,VN-61,2021,45.177,48.82782086034178,51.719283795459894,50.04863999999999
VN_LEGACY63_30,VN-61,2022,51.596999999999994,60.38200269023829,66.25214545059247,63.05684596685083
VN_LEGACY63_30,VN-61,2023,65.941,79.4819243119266,93.56940132743362,87.30573219340958
VN_LEGACY63_30,VN-61,2024,92.3035,108.50822727272725,126.79338758854742,121.44440238680879
VN_LEGACY63_31,VN-HP,2021,48.746,51.22271304926764,54.96504453178991,54.30132566082566
VN_LEGACY63_31,VN-HP,2022,52.626000000000005,60.00087144259077,67.07954767226927,66.22541704877031
VN_LEGACY63_31,VN-HP,2023,68.1215,77.21704019607843,93.37304094673563,91.05635664969662
VN_LEGACY63_31,VN-HP,2024,95.473,109.6715412203074,131.0895072261484,125.90597101630333
VN_LEGACY63_33,VN-66,2021,45.9495,50.82227671755725,54.12606750524109,52.1459126387397
VN_LEGACY63_33,VN-66,2022,53.0135,62.204589420654905,65.02799840648993,63.78877655412259
VN_LEGACY63_33,VN-66,2023,77.07,86.9719754601227,94.6201639577987,91.71539261191981
VN_LEGACY63_33,VN-66,2024,83.643,94.53099939172749,106.63299684189487,103.43086312849162
VN_LEGACY63_34,VN-20,2021,42.216,46.945183559457305,48.98659901733315,47.6302436003303
VN_LEGACY63_34,VN-20,2022,49.211,59.432620571916345,60.48928933255456,60.175364808153475
VN_LEGACY63_34,VN-20,2023,61.8695,79.4063416309013,86.83453084839485,82.42302641908212
VN_LEGACY63_34,VN-20,2024,76.87549999999999,88.83167862838916,94.52197546773988,90.61077946568885
VN_LEGACY63_35,VN-63,2021,46.4105,52.786203601108035,54.550649708425496,52.697575905292474
VN_LEGACY63_35,VN-63,2022,51.534,63.42572267657993,67.88845026704853,66.36610558549731
VN_LEGACY63_35,VN-63,2023,64.36949999999999,77.53296346153847,86.83542557134034,83.19584733777037
VN_LEGACY63_35,VN-63,2024,77.991,92.58465477114042,102.16101355157974,97.75258795064119
VN_LEGACY63_36,VN-67,2021,44.209,48.5868172439204,49.94820155700118,49.03093303261624
VN_LEGACY63_36,VN-67,2022,48.231,55.70444616044616,60.459991561740665,57.47419551059997
VN_LEGACY63_36,VN-67,2023,63.007,77.91415537332757,90.32834341820914,82.97248424617197
VN_LEGACY63_36,VN-67,2024,74.416,85.51520148961193,96.5807770671914,89.876085996006
VN_LEGACY63_37,VN-18,2021,42.2175,47.96078080229226,52.174481435643564,48.64774792066538
VN_LEGACY63_37,VN-18,2022,44.137,53.90586949806949,59.20948268357305,57.053979708636845
VN_LEGACY63_37,VN-18,2023,58.897,76.13113148148149,83.43960176390773,80.14091279750293
VN_LEGACY63_37,VN-18,2024,88.9045,102.86456685393259,108.5227480911253,101.85447613823366
VN_LEGACY63_38,VN-21,2021,45.293,50.988625209146676,55.41767961165049,52.406548048922545
VN_LEGACY63_38,VN-21,2022,45.832499999999996,54.021821788689174,59.130094238904185,57.282327506145855
VN_LEGACY63_38,VN-21,2023,58.319500000000005,74.81743103448277,82.92834944224003,79.21630681253107
VN_LEGACY63_38,VN-21,2024,73.619,88.99893381570547,95.51733717204405,92.11594487427466
VN_LEGACY63_40,VN-22,2021,41.141,47.35182267206478,48.88600750170494,49.21256652512385
VN_LEGACY63_40,VN-22,2022,43.663,54.01686315789474,60.598266855678105,58.59307478165938
VN_LEGACY63_40,VN-22,2023,56.9445,79.88348804780877,92.11157318512316,86.95871509635974
VN_LEGACY63_40,VN-22,2024,75.405,91.48217408906883,98.79363296812748,96.19293666219839
VN_LEGACY63_42,VN-23,2021,41.63,48.11407099391481,47.409135704874835,48.81804900662252
VN_LEGACY63_42,VN-23,2022,43.454,53.55669676994068,60.22269039400071,56.250803953337645
VN_LEGACY63_42,VN-23,2023,55.216,76.0906738095238,83.61736159272986,80.31768320830928
VN_LEGACY63_42,VN-23,2024,69.055,82.44024391691394,96.44674231113764,86.45359540104025
VN_LEGACY63_44,VN-24,2021,44.994,52.444291044776115,58.829276503164564,54.78351208285386
VN_LEGACY63_44,VN-24,2022,44.9185,54.46673268921095,61.10224740402019,60.14673035613342
VN_LEGACY63_44,VN-24,2023,54.945,72.85361552185547,81.53948624213835,77.48271850326124
VN_LEGACY63_44,VN-24,2024,74.9925,89.02560522151899,97.01005060379529,93.26375070466646
VN_LEGACY63_45,VN-25,2021,47.898,54.58839080459771,61.97756162790697,58.21246674876848
VN_LEGACY63_45,VN-25,2022,52.08,69.61945084745761,69.5726543717499,69.75953980263158
VN_LEGACY63_45,VN-25,2023,64.72999999999999,85.7734203883495,96.4873439539944,91.97222599762938
VN_LEGACY63_45,VN-25,2024,82.651,95.45600115074798,105.15370266621666,102.13884450524397
VN_LEGACY63_46,VN-26,2021,50.81,56.28015796519411,61.5691114790287,60.869480302427384
VN_LEGACY63_46,VN-26,2022,58.085499999999996,68.53164480874318,76.19099617676265,75.25182065953923
VN_LEGACY63_46,VN-26,2023,80.248,93.67883511016346,105.86325831113169,103.54509600126944
VN_LEGACY63_46,VN-26,2024,88.952,101.12892743009321,117.29250308598351,109.02263321247283
VN_LEGACY63_48,VN-DN,2021,61.064499999999995,62.819459349593494,69.04445348562426,68.25594308560676
VN_LEGACY63_48,VN-DN,2022,78.313,79.81273303167421,87.167739121974,86.37692081509847
VN_LEGACY63_48,VN-DN,2023,101.618,102.3771940085592,116.43804942517993,114.70488775097697
VN_LEGACY63_48,VN-DN,2024,154.474,150.93398616874134,169.75980103399655,163.22750570299266
VN_LEGACY63_49,VN-27,2021,50.268,58.526655756207674,66.98873174114021,62.056277750848274
VN_LEGACY63_49,VN-27,2022,56.0205,67.50020669291338,71.54068562307873,70.23775138934292
VN_LEGACY63_49,VN-27,2023,82.154,101.45633384301732,103.41330464778504,100.38323758809712
VN_LEGACY63_49,VN-27,2024,97.2895,122.1042091886608,123.6713102944142,120.35625251959686
VN_LEGACY63_51,VN-29,2021,51.867,59.81875247524753,62.5510241416309,63.828379340277785
VN_LEGACY63_51,VN-29,2022,55.4,67.73015473608099,70.87714824061793,70.64276784822766
VN_LEGACY63_51,VN-29,2023,75.004,92.38033063923586,104.35887040109303,101.01147279190593
VN_LEGACY63_51,VN-29,2024,89.767,107.01747561837456,115.35029752143124,112.06331486486486
VN_LEGACY63_52,VN-31,2021,52.1015,61.472844414893615,70.95142102524069,70.05441374538745
VN_LEGACY63_52,VN-31,2022,52.191,65.88227408195849,74.29191499768316,72.98738150836226
VN_LEGACY63_52,VN-31,2023,83.9855,101.03041220657276,108.95447106227107,106.93955953774139
VN_LEGACY63_52,VN-31,2024,98.648,115.99993589120933,132.3341714871709,126.60234015879648
VN_LEGACY63_54,VN-38,2021,50.832,59.433844884488444,66.39620374449339,61.33470497630332
VN_LEGACY63_54,VN-38,2022,52.378,70.20414019851117,78.95303333333334,77.17124139221556
VN_LEGACY63_54,VN-38,2023,83.65799999999999,101.11553172588833,106.39538222543354,103.96621166134186
VN_LEGACY63_54,VN-38,2024,87.40350000000001,103.28177534562212,116.28296612021859,112.27264919071077
VN_LEGACY63_56,VN-34,2021,56.536,59.22804768392371,66.31124144158292,64.74876473755047
VN_LEGACY63_56,VN-34,2022,61.006,64.25653774385071,72.38532555475412,71.00457963217815
VN_LEGACY63_56,VN-34,2023,91.47550000000001,103.4961384863124,110.16134244545691,107.6908272847975
VN_LEGACY63_56,VN-34,2024,117.506,126.46835196850391,130.5122122649747,132.4719334252511
VN_LEGACY63_58,VN-36,2021,56.573,59.90765156794425,63.89581077348067,63.352511029411765
VN_LEGACY63_58,VN-36,2022,53.6835,62.330225631768954,68.16720513297378,67.07878651685392
VN_LEGACY63_58,VN-36,2023,72.728,87.64324356435642,114.87947816240697,99.34809055338178
VN_LEGACY63_58,VN-36,2024,91.7235,104.29028496503497,122.84441521739133,118.21609351806036
VN_LEGACY63_60,VN-40,2021,48.85,55.775279999999995,63.629557598617005,60.1631448275862
VN_LEGACY63_60,VN-40,2022,52.010999999999996,64.53723232323233,67.59072025437636,67.34821084828711
VN_LEGACY63_60,VN-40,2023,70.552,95.0026497386109,104.04118552343573,99.36459264644786
VN_LEGACY63_60,VN-40,2024,94.771,112.64228542914172,123.65542010292904,120.66783584366061
VN_LEGACY63_62,VN-28,2021,51.45,58.485282051282056,64.71716847479259,59.774859582542696
VN_LEGACY63_62,VN-28,2022,59.347,73.34039153439153,77.22200545375219,76.15602186133665
VN_LEGACY63_62,VN-28,2023,76.324,93.8233125,100.72870388002858,99.89607539936102
VN_LEGACY63_62,VN-28,2024,91.922,111.54116696588869,113.8743652625505,113.30904619758351
VN_LEGACY63_64,VN-30,2021,55.628,62.48931759656653,67.34430486650255,66.0700151975684
VN_LEGACY63_64,VN-30,2022,59.996,72.45180043699926,76.2262589193825,76.94026295017267
VN_LEGACY63_64,VN-30,2023,80.263,99.23529415715245,112.4250781458056,108.882307852194
VN_LEGACY63_64,VN-30,2024,91.0205,111.76226736566186,120.085923101018,119.16053218473319
VN_LEGACY63_66,VN-33,2021,51.263,54.57660837209302,60.817094786200734,59.40215650406503
VN_LEGACY63_66,VN-33,2022,47.79,56.110895059207834,63.40806520979021,62.14586487656994
VN_LEGACY63_66,VN-33,2023,71.844,82.57096498054474,96.35142953662819,93.50418140744797
VN_LEGACY63_66,VN-33,2024,104.9665,120.59599317664897,134.0265631283734,130.06404350212708
VN_LEGACY63_67,VN-72,2021,45.487,53.63564625850341,55.08290000000001,53.55569162436547
VN_LEGACY63_67,VN-72,2022,45.8705,56.40041418764302,59.09186743119266,58.354193883123976
VN_LEGACY63_67,VN-72,2023,61.170500000000004,77.11537412587413,89.08158493023255,81.4047066027689
VN_LEGACY63_67,VN-72,2024,81.32,94.81667748478702,110.98890895008606,100.30425519574675
VN_LEGACY63_68,VN-35,2021,54.44,59.46597826086956,64.66820211135705,61.276955609362396
VN_LEGACY63_68,VN-35,2022,61.2195,73.97667079646017,77.8622510518421,77.16234383588535
VN_LEGACY63_68,VN-35,2023,85.3,101.0082050832603,111.92675578841931,109.06332706164932
VN_LEGACY63_68,VN-35,2024,119.70400000000001,141.52017116422513,146.33517889119477,142.0839315512708
VN_LEGACY63_70,VN-58,2021,54.23,57.934025885558576,65.56929229644076,62.24109838585703
VN_LEGACY63_70,VN-58,2022,55.352,68.15766363149439,79.4360751389992,74.47980096197892
VN_LEGACY63_70,VN-58,2023,76.795,95.54476823338736,105.667643777183,102.95076872505284
VN_LEGACY63_70,VN-58,2024,105.979,120.35677799135031,125.39546251251967,125.36088231657047
VN_LEGACY63_72,VN-37,2021,59.704,64.90408771929825,69.41754997480263,67.95512674543501
VN_LEGACY63_72,VN-37,2022,66.4905,74.95991656874266,81.39639077598828,80.56445873015872
VN_LEGACY63_72,VN-37,2023,100.731,117.0770718697361,120.35045117680022,119.75429667721518
VN_LEGACY63_72,VN-37,2024,128.137,141.68510374796307,146.71387957482784,142.65047263501268
VN_LEGACY63_74,VN-57,2021,59.396,65.29318022864828,70.58946114511193,68.51340458602647
VN_LEGACY63_74,VN-57,2022,69.235,75.6213426941641,83.04442376868016,82.7562888177309
VN_LEGACY63_74,VN-57,2023,100.5575,107.75465297833935,121.8371402049305,117.78674076329678
VN_LEGACY63_74,VN-57,2024,128.1005,133.82348121645796,152.31583620098834,147.6239333746898
VN_LEGACY63_75,VN-39,2021,56.124,61.53379407681629,69.06692573538695,65.61228862698881
VN_LEGACY63_75,VN-39,2022,67.231,75.65334183142559,80.75830213467323,80.67350421568132
VN_LEGACY63_75,VN-39,2023,91.052,100.80813671356519,114.51650474690943,111.02805788495301
VN_LEGACY63_75,VN-39,2024,122.576,129.72844293756398,151.18473318356868,147.3108950450869
VN_LEGACY63_77,VN-43,2021,55.601,62.11245871559633,64.34564743758213,62.734513879485455
VN_LEGACY63_77,VN-43,2022,70.453,79.3727530625403,83.38844576155273,81.98475757290687
VN_LEGACY63_77,VN-43,2023,101.682,114.30878575776019,120.80747778776978,116.39175199699275
VN_LEGACY63_77,VN-43,2024,125.4185,136.18694827586208,140.85002440891307,138.6981738252086
VN_LEGACY63_79,VN-SG,2021,67.3315,68.09413399826539,73.56706210899404,73.01782514127152
VN_LEGACY63_79,VN-SG,2022,87.468,87.80182075805881,94.22779847393878,93.61702303752874
VN_LEGACY63_79,VN-SG,2023,128.592,127.39641422002123,133.48210968943627,131.61401582988674
VN_LEGACY63_79,VN-SG,2024,161.66649999999998,159.0796980267794,169.67344099463162,166.3345633287083
VN_LEGACY63_80,VN-41,2021,53.027,61.017336833602585,64.98610771276596,61.507175286221866
VN_LEGACY63_80,VN-41,2022,61.121,72.23875985533454,75.84670050671954,74.68930421427693
VN_LEGACY63_80,VN-41,2023,79.014,94.35593689839573,104.63157809061086,102.05251375930082
VN_LEGACY63_80,VN-41,2024,114.691,125.37878829389788,131.3863214880622,128.41157185170056
VN_LEGACY63_82,VN-46,2021,52.797,59.22727024185069,68.35426628535113,62.950704004329005
VN_LEGACY63_82,VN-46,2022,57.7415,72.3024110751819,74.82183273738578,73.21352406254745
VN_LEGACY63_82,VN-46,2023,76.873,95.7772488342518,101.46861166567744,99.04517610062894
VN_LEGACY63_82,VN-46,2024,107.148,120.97360007371913,127.14922272491636,122.56000013869625
VN_LEGACY63_83,VN-50,2021,51.6405,55.19023136246787,61.2527212264151,59.36352781844802
VN_LEGACY63_83,VN-50,2022,54.336,64.75276464983327,71.84460421580188,69.98196474805816
VN_LEGACY63_83,VN-50,2023,75.47,97.1924829600779,109.8781389413275,101.98925551982852
VN_LEGACY63_83,VN-50,2024,101.919,119.42515116772823,132.00114593019651,125.73339671899807
VN_LEGACY63_84,VN-51,2021,51.199,56.839925120772946,58.79885733377882,59.599071863581
VN_LEGACY63_84,VN-51,2022,47.795500000000004,61.6518303030303,64.70645879505796,65.49288510491915
VN_LEGACY63_84,VN-51,2023,65.66,84.95792815854665,90.43818363273452,92.91756326687117
VN_LEGACY63_84,VN-51,2024,81.7775,94.70081171548115,105.13568580060422,102.4237309328969
VN_LEGACY63_86,VN-49,2021,51.648,57.439330472103,77.15171150971601,60.76136642784032
VN_LEGACY63_86,VN-49,2022,52.093,64.5620782208589,71.13947988031366,69.97958387270766
VN_LEGACY63_86,VN-49,2023,81.052,96.10970246085012,107.68643499520614,102.7531617357002
VN_LEGACY63_86,VN-49,2024,99.458,113.89876782077394,137.31771466388577,122.24901262886598
VN_LEGACY63_87,VN-45,2021,52.773,58.44286666666666,70.4008224914966,62.89455283968368
VN_LEGACY63_87,VN-45,2022,50.943,65.6150564516129,72.10981610476456,71.87919921471378
VN_LEGACY63_87,VN-45,2023,69.101,88.41704402173913,101.93753328474247,96.20058467023173
VN_LEGACY63_87,VN-45,2024,100.82650000000001,116.19303050524309,128.07976622066832,121.876158356676
VN_LEGACY63_89,VN-44,2021,56.703,63.21532928475033,69.23260329014413,66.31581432225065
VN_LEGACY63_89,VN-44,2022,59.347,70.23385535535536,75.32772390773407,74.16120021916092
VN_LEGACY63_89,VN-44,2023,76.312,91.16202983484284,102.00943923673226,98.62996384103701
VN_LEGACY63_89,VN-44,2024,100.399,112.1391534177215,124.34804186580006,120.62098464578901
VN_LEGACY63_91,VN-47,2021,56.465500000000006,62.8577104622871,73.61175884168051,67.30307201028718
VN_LEGACY63_91,VN-47,2022,53.635,65.00474298375185,72.73637474647423,70.39602011573436
VN_LEGACY63_91,VN-47,2023,75.872,92.86832364933741,103.8786269805847,98.0679023834826
VN_LEGACY63_91,VN-47,2024,89.13749999999999,107.99993272171254,120.87239336515067,109.09901665638495
VN_LEGACY63_92,VN-CT,2021,59.662,65.83409188361408,75.5393287288275,73.37243189461883
VN_LEGACY63_92,VN-CT,2022,69.14699999999999,79.05731292517007,92.302013273961,92.10816604708799
VN_LEGACY63_92,VN-CT,2023,98.028,107.79026141078837,122.42725904590459,120.10356398730832
VN_LEGACY63_92,VN-CT,2024,121.9065,127.16753434504793,140.672117898595,141.01722321849928
VN_LEGACY63_93,VN-73,2021,52.714,59.21049056603773,60.054724964739066,60.130840796019896
VN_LEGACY63_93,VN-73,2022,49.345,62.559161467889915,64.52901234731812,67.45759828009828
VN_LEGACY63_93,VN-73,2023,74.179,97.87365605095543,100.29654024511427,97.96915599484315
VN_LEGACY63_93,VN-73,2024,93.8995,115.78111962134251,131.2645185739964,123.21450922818792
VN_LEGACY63_94,VN-52,2021,51.5215,55.819475770925116,59.819767718446606,59.676668058455114
VN_LEGACY63_94,VN-52,2022,52.249,66.8507967722654,74.25508485856905,72.63088517852556
VN_LEGACY63_94,VN-52,2023,69.501,90.05448667439165,103.06972297959548,97.78729137055838
VN_LEGACY63_94,VN-52,2024,93.8325,109.6573171728972,127.21510986379285,119.51658453410181
VN_LEGACY63_95,VN-55,2021,57.721,60.25022739726028,67.04189144434223,66.45101061320754
VN_LEGACY63_95,VN-55,2022,53.182,67.92335208535403,80.65137043428241,77.89055167055169
VN_LEGACY63_95,VN-55,2023,79.46100000000001,106.0325991820041,121.54838548924567,113.8831145320197
VN_LEGACY63_95,VN-55,2024,95.2205,117.81313817097414,130.28494300097435,127.51689602053914
VN_LEGACY63_96,VN-59,2021,57.608,64.92291869918698,72.97951439114391,70.2612502870264
VN_LEGACY63_96,VN-59,2022,60.295,74.08425612177365,78.94140982115795,78.42008917000926
VN_LEGACY63_96,VN-59,2023,91.42750000000001,111.65144170096022,116.86096964440587,112.53662811271298
VN_LEGACY63_96,VN-59,2024,102.885,119.50029587567244,124.73220496272393,121.77504953106684
